date,route_id,teu_volume,fuel_price_index
2024-01-01,SHANGHAI_TO_LA,6269,102.69
2024-01-02,SHANGHAI_TO_LA,6301,101.15
2024-01-03,SHANGHAI_TO_LA,6187,90.68
2024-01-04,SHANGHAI_TO_LA,5990,109.84
2024-01-05,SHANGHAI_TO_LA,6636,105.53
2024-01-06,SHANGHAI_TO_LA,6311,91.59
2024-01-07,SHANGHAI_TO_LA,6839,100.55
2024-01-08,SHANGHAI_TO_LA,6484,101.98
2024-01-09,SHANGHAI_TO_LA,6855,102.37
2024-01-10,SHANGHAI_TO_LA,6737,97.0
2024-01-11,SHANGHAI_TO_LA,6350,91.96
2024-01-12,SHANGHAI_TO_LA,6275,101.7
2024-01-13,SHANGHAI_TO_LA,6265,100.29
2024-01-14,SHANGHAI_TO_LA,6435,95.06
2024-01-15,SHANGHAI_TO_LA,6721,91.9
2024-01-16,SHANGHAI_TO_LA,6356,93.66
2024-01-17,SHANGHAI_TO_LA,6532,101.92
2024-01-18,SHANGHAI_TO_LA,6901,109.91
2024-01-19,SHANGHAI_TO_LA,6046,94.7
2024-01-20,SHANGHAI_TO_LA,6696,92.22
2024-01-21,SHANGHAI_TO_LA,6353,90.34
2024-01-22,SHANGHAI_TO_LA,6074,104.92
2024-01-23,SHANGHAI_TO_LA,5979,102.77
2024-01-24,SHANGHAI_TO_LA,6867,90.99
2024-01-25,SHANGHAI_TO_LA,6814,106.16
2024-01-26,SHANGHAI_TO_LA,6913,91.13
2024-01-27,SHANGHAI_TO_LA,6925,106.08
2024-01-28,SHANGHAI_TO_LA,6480,104.86
2024-01-29,SHANGHAI_TO_LA,6412,104.37
2024-01-30,SHANGHAI_TO_LA,6751,93.36
2024-01-31,SHANGHAI_TO_LA,6942,104.79
2024-02-01,SHANGHAI_TO_LA,6294,95.93
2024-02-02,SHANGHAI_TO_LA,6839,94.82
2024-02-03,SHANGHAI_TO_LA,6134,90.98
2024-02-04,SHANGHAI_TO_LA,6589,99.21
2024-02-05,SHANGHAI_TO_LA,6790,106.72
2024-02-06,SHANGHAI_TO_LA,6090,106.13
2024-02-07,SHANGHAI_TO_LA,6890,91.11
2024-02-08,SHANGHAI_TO_LA,6772,94.27
2024-02-09,SHANGHAI_TO_LA,6719,107.92
2024-02-10,SHANGHAI_TO_LA,6893,91.23
2024-02-11,SHANGHAI_TO_LA,6705,90.57
2024-02-12,SHANGHAI_TO_LA,6571,91.23
2024-02-13,SHANGHAI_TO_LA,6345,97.51
2024-02-14,SHANGHAI_TO_LA,6214,96.87
2024-02-15,SHANGHAI_TO_LA,6633,98.24
2024-02-16,SHANGHAI_TO_LA,6751,95.31
2024-02-17,SHANGHAI_TO_LA,6337,103.34
2024-02-18,SHANGHAI_TO_LA,7216,103.93
2024-02-19,SHANGHAI_TO_LA,7160,91.09
2024-02-20,SHANGHAI_TO_LA,7002,92.21
2024-02-21,SHANGHAI_TO_LA,6576,98.18
2024-02-22,SHANGHAI_TO_LA,6670,99.18
2024-02-23,SHANGHAI_TO_LA,7016,101.09
2024-02-24,SHANGHAI_TO_LA,6839,92.31
2024-02-25,SHANGHAI_TO_LA,7290,101.27
2024-02-26,SHANGHAI_TO_LA,6726,105.84
2024-02-27,SHANGHAI_TO_LA,7354,98.12
2024-02-28,SHANGHAI_TO_LA,7271,96.84
2024-02-29,SHANGHAI_TO_LA,6663,103.21
2024-03-01,SHANGHAI_TO_LA,6723,104.02
2024-03-02,SHANGHAI_TO_LA,7217,103.59
2024-03-03,SHANGHAI_TO_LA,6587,97.82
2024-03-04,SHANGHAI_TO_LA,6769,97.94
2024-03-05,SHANGHAI_TO_LA,7561,107.22
2024-03-06,SHANGHAI_TO_LA,6834,90.74
2024-03-07,SHANGHAI_TO_LA,7058,92.62
2024-03-08,SHANGHAI_TO_LA,7498,108.67
2024-03-09,SHANGHAI_TO_LA,7178,94.44
2024-03-10,SHANGHAI_TO_LA,7016,106.43
2024-03-11,SHANGHAI_TO_LA,6997,96.35
2024-03-12,SHANGHAI_TO_LA,6995,98.36
2024-03-13,SHANGHAI_TO_LA,7369,108.1
2024-03-14,SHANGHAI_TO_LA,7299,99.31
2024-03-15,SHANGHAI_TO_LA,7776,92.2
2024-03-16,SHANGHAI_TO_LA,7496,101.84
2024-03-17,SHANGHAI_TO_LA,7255,99.35
2024-03-18,SHANGHAI_TO_LA,7379,92.98
2024-03-19,SHANGHAI_TO_LA,7536,91.34
2024-03-20,SHANGHAI_TO_LA,7278,93.59
2024-03-21,SHANGHAI_TO_LA,7013,104.75
2024-03-22,SHANGHAI_TO_LA,7742,90.71
2024-03-23,SHANGHAI_TO_LA,7247,107.32
2024-03-24,SHANGHAI_TO_LA,7205,93.11
2024-03-25,SHANGHAI_TO_LA,7341,105.96
2024-03-26,SHANGHAI_TO_LA,7385,91.07
2024-03-27,SHANGHAI_TO_LA,7723,105.39
2024-03-28,SHANGHAI_TO_LA,7970,107.62
2024-03-29,SHANGHAI_TO_LA,7615,109.62
2024-03-30,SHANGHAI_TO_LA,7392,103.49
2024-03-31,SHANGHAI_TO_LA,7644,93.85
2024-04-01,SHANGHAI_TO_LA,8172,91.01
2024-04-02,SHANGHAI_TO_LA,7998,97.71
2024-04-03,SHANGHAI_TO_LA,8043,99.49
2024-04-04,SHANGHAI_TO_LA,7823,90.9
2024-04-05,SHANGHAI_TO_LA,8055,103.44
2024-04-06,SHANGHAI_TO_LA,8280,94.86
2024-04-07,SHANGHAI_TO_LA,8011,106.49
2024-04-08,SHANGHAI_TO_LA,8026,101.78
2024-04-09,SHANGHAI_TO_LA,7512,103.6
2024-04-10,SHANGHAI_TO_LA,7980,106.98
2024-04-11,SHANGHAI_TO_LA,7781,92.0
2024-04-12,SHANGHAI_TO_LA,8569,97.55
2024-04-13,SHANGHAI_TO_LA,7939,92.28
2024-04-14,SHANGHAI_TO_LA,8274,97.77
2024-04-15,SHANGHAI_TO_LA,7695,91.08
2024-04-16,SHANGHAI_TO_LA,8607,95.42
2024-04-17,SHANGHAI_TO_LA,8234,93.77
2024-04-18,SHANGHAI_TO_LA,8309,99.31
2024-04-19,SHANGHAI_TO_LA,8164,102.8
2024-04-20,SHANGHAI_TO_LA,8052,102.24
2024-04-21,SHANGHAI_TO_LA,8268,108.66
2024-04-22,SHANGHAI_TO_LA,8797,91.41
2024-04-23,SHANGHAI_TO_LA,8820,94.09
2024-04-24,SHANGHAI_TO_LA,8224,91.68
2024-04-25,SHANGHAI_TO_LA,8065,98.6
2024-04-26,SHANGHAI_TO_LA,8053,109.84
2024-04-27,SHANGHAI_TO_LA,8653,108.78
2024-04-28,SHANGHAI_TO_LA,8691,108.51
2024-04-29,SHANGHAI_TO_LA,8203,108.57
2024-04-30,SHANGHAI_TO_LA,8068,98.2
2024-05-01,SHANGHAI_TO_LA,8304,103.8
2024-05-02,SHANGHAI_TO_LA,8769,90.18
2024-05-03,SHANGHAI_TO_LA,8284,106.21
2024-05-04,SHANGHAI_TO_LA,8565,95.51
2024-05-05,SHANGHAI_TO_LA,8398,103.2
2024-05-06,SHANGHAI_TO_LA,8530,100.44
2024-05-07,SHANGHAI_TO_LA,8952,101.84
2024-05-08,SHANGHAI_TO_LA,8294,108.89
2024-05-09,SHANGHAI_TO_LA,9105,95.93
2024-05-10,SHANGHAI_TO_LA,8547,107.47
2024-05-11,SHANGHAI_TO_LA,9286,95.95
2024-05-12,SHANGHAI_TO_LA,8674,96.79
2024-05-13,SHANGHAI_TO_LA,8940,102.97
2024-05-14,SHANGHAI_TO_LA,9135,96.47
2024-05-15,SHANGHAI_TO_LA,8653,91.17
2024-05-16,SHANGHAI_TO_LA,9145,98.4
2024-05-17,SHANGHAI_TO_LA,9427,104.75
2024-05-18,SHANGHAI_TO_LA,9347,96.6
2024-05-19,SHANGHAI_TO_LA,8704,109.02
2024-05-20,SHANGHAI_TO_LA,9095,94.59
2024-05-21,SHANGHAI_TO_LA,9006,109.57
2024-05-22,SHANGHAI_TO_LA,8680,100.6
2024-05-23,SHANGHAI_TO_LA,8660,90.45
2024-05-24,SHANGHAI_TO_LA,9175,104.63
2024-05-25,SHANGHAI_TO_LA,8819,94.09
2024-05-26,SHANGHAI_TO_LA,8780,99.82
2024-05-27,SHANGHAI_TO_LA,9512,101.9
2024-05-28,SHANGHAI_TO_LA,9020,102.81
2024-05-29,SHANGHAI_TO_LA,9069,104.7
2024-05-30,SHANGHAI_TO_LA,8762,106.87
2024-05-31,SHANGHAI_TO_LA,9176,91.53
2024-06-01,SHANGHAI_TO_LA,9413,109.01
2024-06-02,SHANGHAI_TO_LA,9556,93.63
2024-06-03,SHANGHAI_TO_LA,9687,96.57
2024-06-04,SHANGHAI_TO_LA,9624,106.8
2024-06-05,SHANGHAI_TO_LA,9744,100.39
2024-06-06,SHANGHAI_TO_LA,9392,98.06
2024-06-07,SHANGHAI_TO_LA,8891,96.94
2024-06-08,SHANGHAI_TO_LA,9854,95.47
2024-06-09,SHANGHAI_TO_LA,9597,90.15
2024-06-10,SHANGHAI_TO_LA,9560,103.56
2024-06-11,SHANGHAI_TO_LA,9618,90.62
2024-06-12,SHANGHAI_TO_LA,9628,109.08
2024-06-13,SHANGHAI_TO_LA,9896,98.4
2024-06-14,SHANGHAI_TO_LA,8978,94.51
2024-06-15,SHANGHAI_TO_LA,9138,106.84
2024-06-16,SHANGHAI_TO_LA,9369,102.16
2024-06-17,SHANGHAI_TO_LA,9613,100.8
2024-06-18,SHANGHAI_TO_LA,9945,97.06
2024-06-19,SHANGHAI_TO_LA,9699,92.16
2024-06-20,SHANGHAI_TO_LA,9318,99.11
2024-06-21,SHANGHAI_TO_LA,9731,95.35
2024-06-22,SHANGHAI_TO_LA,9234,96.09
2024-06-23,SHANGHAI_TO_LA,9268,104.93
2024-06-24,SHANGHAI_TO_LA,9712,107.83
2024-06-25,SHANGHAI_TO_LA,10015,97.94
2024-06-26,SHANGHAI_TO_LA,9668,94.44
2024-06-27,SHANGHAI_TO_LA,9958,95.84
2024-06-28,SHANGHAI_TO_LA,9430,96.23
2024-06-29,SHANGHAI_TO_LA,9392,97.78
2024-06-30,SHANGHAI_TO_LA,9368,101.29
2024-07-01,SHANGHAI_TO_LA,9818,100.2
2024-07-02,SHANGHAI_TO_LA,9248,101.94
2024-07-03,SHANGHAI_TO_LA,9404,107.27
2024-07-04,SHANGHAI_TO_LA,9725,104.73
2024-07-05,SHANGHAI_TO_LA,9465,96.96
2024-07-06,SHANGHAI_TO_LA,9189,98.18
2024-07-07,SHANGHAI_TO_LA,9177,98.93
2024-07-08,SHANGHAI_TO_LA,9625,105.82
2024-07-09,SHANGHAI_TO_LA,10022,104.78
2024-07-10,SHANGHAI_TO_LA,9151,105.83
2024-07-11,SHANGHAI_TO_LA,9375,106.52
2024-07-12,SHANGHAI_TO_LA,9548,106.16
2024-07-13,SHANGHAI_TO_LA,9252,96.44
2024-07-14,SHANGHAI_TO_LA,9459,102.97
2024-07-15,SHANGHAI_TO_LA,9571,104.4
2024-07-16,SHANGHAI_TO_LA,9231,108.64
2024-07-17,SHANGHAI_TO_LA,9227,94.26
2024-07-18,SHANGHAI_TO_LA,9293,90.56
2024-07-19,SHANGHAI_TO_LA,10023,91.29
2024-07-20,SHANGHAI_TO_LA,9689,101.32
2024-07-21,SHANGHAI_TO_LA,9517,109.89
2024-07-22,SHANGHAI_TO_LA,9122,93.35
2024-07-23,SHANGHAI_TO_LA,9667,98.61
2024-07-24,SHANGHAI_TO_LA,9899,106.53
2024-07-25,SHANGHAI_TO_LA,9223,103.12
2024-07-26,SHANGHAI_TO_LA,9894,93.67
2024-07-27,SHANGHAI_TO_LA,9561,90.11
2024-07-28,SHANGHAI_TO_LA,9647,94.14
2024-07-29,SHANGHAI_TO_LA,9741,96.54
2024-07-30,SHANGHAI_TO_LA,9703,96.9
2024-07-31,SHANGHAI_TO_LA,9668,96.78
2024-08-01,SHANGHAI_TO_LA,9651,98.14
2024-08-02,SHANGHAI_TO_LA,9205,96.93
2024-08-03,SHANGHAI_TO_LA,9848,93.51
2024-08-04,SHANGHAI_TO_LA,9737,105.33
2024-08-05,SHANGHAI_TO_LA,9548,105.11
2024-08-06,SHANGHAI_TO_LA,9394,90.17
2024-08-07,SHANGHAI_TO_LA,9579,96.95
2024-08-08,SHANGHAI_TO_LA,9170,109.41
2024-08-09,SHANGHAI_TO_LA,9012,101.55
2024-08-10,SHANGHAI_TO_LA,9780,96.53
2024-08-11,SHANGHAI_TO_LA,9102,94.55
2024-08-12,SHANGHAI_TO_LA,9004,106.79
2024-08-13,SHANGHAI_TO_LA,9484,109.81
2024-08-14,SHANGHAI_TO_LA,9075,107.72
2024-08-15,SHANGHAI_TO_LA,9584,102.85
2024-08-16,SHANGHAI_TO_LA,9064,91.7
2024-08-17,SHANGHAI_TO_LA,8784,105.34
2024-08-18,SHANGHAI_TO_LA,8794,107.4
2024-08-19,SHANGHAI_TO_LA,9125,106.81
2024-08-20,SHANGHAI_TO_LA,8937,95.14
2024-08-21,SHANGHAI_TO_LA,9653,99.28
2024-08-22,SHANGHAI_TO_LA,9156,96.41
2024-08-23,SHANGHAI_TO_LA,8885,97.57
2024-08-24,SHANGHAI_TO_LA,9363,104.59
2024-08-25,SHANGHAI_TO_LA,9450,109.85
2024-08-26,SHANGHAI_TO_LA,8779,94.23
2024-08-27,SHANGHAI_TO_LA,8685,107.09
2024-08-28,SHANGHAI_TO_LA,8774,103.32
2024-08-29,SHANGHAI_TO_LA,9128,104.36
2024-08-30,SHANGHAI_TO_LA,8550,109.71
2024-08-31,SHANGHAI_TO_LA,8760,100.2
2024-09-01,SHANGHAI_TO_LA,9458,97.42
2024-09-02,SHANGHAI_TO_LA,8595,96.21
2024-09-03,SHANGHAI_TO_LA,9293,101.21
2024-09-04,SHANGHAI_TO_LA,9116,106.25
2024-09-05,SHANGHAI_TO_LA,8522,101.08
2024-09-06,SHANGHAI_TO_LA,9154,109.79
2024-09-07,SHANGHAI_TO_LA,8886,96.54
2024-09-08,SHANGHAI_TO_LA,8306,94.16
2024-09-09,SHANGHAI_TO_LA,9075,93.31
2024-09-10,SHANGHAI_TO_LA,8604,109.05
2024-09-11,SHANGHAI_TO_LA,8421,109.49
2024-09-12,SHANGHAI_TO_LA,9045,105.09
2024-09-13,SHANGHAI_TO_LA,8719,106.3
2024-09-14,SHANGHAI_TO_LA,8907,104.87
2024-09-15,SHANGHAI_TO_LA,8940,108.07
2024-09-16,SHANGHAI_TO_LA,8989,106.4
2024-09-17,SHANGHAI_TO_LA,8936,95.87
2024-09-18,SHANGHAI_TO_LA,8363,99.04
2024-09-19,SHANGHAI_TO_LA,8320,91.56
2024-09-20,SHANGHAI_TO_LA,8691,104.95
2024-09-21,SHANGHAI_TO_LA,8134,91.1
2024-09-22,SHANGHAI_TO_LA,8159,102.4
2024-09-23,SHANGHAI_TO_LA,8344,95.76
2024-09-24,SHANGHAI_TO_LA,8707,91.66
2024-09-25,SHANGHAI_TO_LA,8258,101.57
2024-09-26,SHANGHAI_TO_LA,8815,93.24
2024-09-27,SHANGHAI_TO_LA,8773,100.06
2024-09-28,SHANGHAI_TO_LA,7860,93.74
2024-09-29,SHANGHAI_TO_LA,8076,98.03
2024-09-30,SHANGHAI_TO_LA,8388,97.3
2024-10-01,SHANGHAI_TO_LA,8244,92.18
2024-10-02,SHANGHAI_TO_LA,8297,105.59
2024-10-03,SHANGHAI_TO_LA,7802,92.81
2024-10-04,SHANGHAI_TO_LA,8303,91.69
2024-10-05,SHANGHAI_TO_LA,8591,94.5
2024-10-06,SHANGHAI_TO_LA,7890,105.71
2024-10-07,SHANGHAI_TO_LA,8383,93.51
2024-10-08,SHANGHAI_TO_LA,7713,91.88
2024-10-09,SHANGHAI_TO_LA,7559,97.58
2024-10-10,SHANGHAI_TO_LA,7482,102.04
2024-10-11,SHANGHAI_TO_LA,8390,99.06
2024-10-12,SHANGHAI_TO_LA,8377,107.06
2024-10-13,SHANGHAI_TO_LA,8366,94.1
2024-10-14,SHANGHAI_TO_LA,7532,99.32
2024-10-15,SHANGHAI_TO_LA,7640,95.61
2024-10-16,SHANGHAI_TO_LA,7470,93.62
2024-10-17,SHANGHAI_TO_LA,8056,92.04
2024-10-18,SHANGHAI_TO_LA,7243,90.51
2024-10-19,SHANGHAI_TO_LA,7314,94.97
2024-10-20,SHANGHAI_TO_LA,7723,109.89
2024-10-21,SHANGHAI_TO_LA,7196,102.95
2024-10-22,SHANGHAI_TO_LA,7277,103.9
2024-10-23,SHANGHAI_TO_LA,7868,97.8
2024-10-24,SHANGHAI_TO_LA,8018,95.81
2024-10-25,SHANGHAI_TO_LA,7744,91.21
2024-10-26,SHANGHAI_TO_LA,7602,91.2
2024-10-27,SHANGHAI_TO_LA,7612,97.53
2024-10-28,SHANGHAI_TO_LA,7027,109.17
2024-10-29,SHANGHAI_TO_LA,7777,100.69
2024-10-30,SHANGHAI_TO_LA,7054,95.59
2024-10-31,SHANGHAI_TO_LA,6989,93.36
2024-11-01,SHANGHAI_TO_LA,7227,95.76
2024-11-02,SHANGHAI_TO_LA,7798,100.08
2024-11-03,SHANGHAI_TO_LA,7746,94.55
2024-11-04,SHANGHAI_TO_LA,6987,106.04
2024-11-05,SHANGHAI_TO_LA,7599,100.84
2024-11-06,SHANGHAI_TO_LA,6985,107.9
2024-11-07,SHANGHAI_TO_LA,7461,101.45
2024-11-08,SHANGHAI_TO_LA,6720,103.1
2024-11-09,SHANGHAI_TO_LA,7202,104.36
2024-11-10,SHANGHAI_TO_LA,7410,106.73
2024-11-11,SHANGHAI_TO_LA,7184,98.25
2024-11-12,SHANGHAI_TO_LA,7496,106.4
2024-11-13,SHANGHAI_TO_LA,7546,99.29
2024-11-14,SHANGHAI_TO_LA,6671,107.69
2024-11-15,SHANGHAI_TO_LA,6661,91.17
2024-11-16,SHANGHAI_TO_LA,7227,95.99
2024-11-17,SHANGHAI_TO_LA,7135,109.72
2024-11-18,SHANGHAI_TO_LA,7352,104.45
2024-11-19,SHANGHAI_TO_LA,6920,93.71
2024-11-20,SHANGHAI_TO_LA,7360,102.13
2024-11-21,SHANGHAI_TO_LA,6487,109.14
2024-11-22,SHANGHAI_TO_LA,6847,97.86
2024-11-23,SHANGHAI_TO_LA,7346,91.25
2024-11-24,SHANGHAI_TO_LA,7247,101.43
2024-11-25,SHANGHAI_TO_LA,7051,109.11
2024-11-26,SHANGHAI_TO_LA,6680,93.89
2024-11-27,SHANGHAI_TO_LA,6418,103.04
2024-11-28,SHANGHAI_TO_LA,6329,108.78
2024-11-29,SHANGHAI_TO_LA,6696,102.05
2024-11-30,SHANGHAI_TO_LA,6847,95.05
2024-12-01,SHANGHAI_TO_LA,6496,98.14
2024-12-02,SHANGHAI_TO_LA,6795,103.8
2024-12-03,SHANGHAI_TO_LA,6420,106.08
2024-12-04,SHANGHAI_TO_LA,6601,91.91
2024-12-05,SHANGHAI_TO_LA,6703,96.94
2024-12-06,SHANGHAI_TO_LA,6204,92.31
2024-12-07,SHANGHAI_TO_LA,6530,105.88
2024-12-08,SHANGHAI_TO_LA,6966,99.37
2024-12-09,SHANGHAI_TO_LA,6298,98.83
2024-12-10,SHANGHAI_TO_LA,6313,99.14
2024-12-11,SHANGHAI_TO_LA,6582,107.62
2024-12-12,SHANGHAI_TO_LA,6086,97.25
2024-12-13,SHANGHAI_TO_LA,6609,96.24
2024-12-14,SHANGHAI_TO_LA,6309,105.64
2024-12-15,SHANGHAI_TO_LA,6657,109.64
2024-12-16,SHANGHAI_TO_LA,6625,105.9
2024-12-17,SHANGHAI_TO_LA,6716,105.36
2024-12-18,SHANGHAI_TO_LA,6176,108.9
2024-12-19,SHANGHAI_TO_LA,6733,98.6
2024-12-20,SHANGHAI_TO_LA,6349,97.18
2024-12-21,SHANGHAI_TO_LA,6762,99.22
2024-12-22,SHANGHAI_TO_LA,6800,107.15
2024-12-23,SHANGHAI_TO_LA,6010,108.76
2024-12-24,SHANGHAI_TO_LA,6391,99.95
2024-12-25,SHANGHAI_TO_LA,5968,99.12
2024-12-26,SHANGHAI_TO_LA,6243,106.95
2024-12-27,SHANGHAI_TO_LA,6112,106.25
2024-12-28,SHANGHAI_TO_LA,6163,96.31
2024-12-29,SHANGHAI_TO_LA,6631,106.41
2024-12-30,SHANGHAI_TO_LA,6146,100.08
2024-12-31,SHANGHAI_TO_LA,6749,108.72
2025-01-01,SHANGHAI_TO_LA,6571,99.54
2025-01-02,SHANGHAI_TO_LA,6995,90.1
2025-01-03,SHANGHAI_TO_LA,6973,101.61
2025-01-04,SHANGHAI_TO_LA,6825,109.6
2025-01-05,SHANGHAI_TO_LA,6543,98.17
2025-01-06,SHANGHAI_TO_LA,6738,90.31
2025-01-07,SHANGHAI_TO_LA,6922,103.01
2025-01-08,SHANGHAI_TO_LA,6870,100.73
2025-01-09,SHANGHAI_TO_LA,6460,105.7
2025-01-10,SHANGHAI_TO_LA,6640,99.6
2025-01-11,SHANGHAI_TO_LA,6386,94.81
2025-01-12,SHANGHAI_TO_LA,7154,104.09
2025-01-13,SHANGHAI_TO_LA,6496,101.02
2025-01-14,SHANGHAI_TO_LA,6276,107.9
2025-01-15,SHANGHAI_TO_LA,7163,99.03
2025-01-16,SHANGHAI_TO_LA,6449,104.7
2025-01-17,SHANGHAI_TO_LA,6479,100.28
2025-01-18,SHANGHAI_TO_LA,6526,96.16
2025-01-19,SHANGHAI_TO_LA,6778,100.3
2025-01-20,SHANGHAI_TO_LA,6913,95.1
2025-01-21,SHANGHAI_TO_LA,6530,108.33
2025-01-22,SHANGHAI_TO_LA,6842,103.31
2025-01-23,SHANGHAI_TO_LA,6971,106.56
2025-01-24,SHANGHAI_TO_LA,6285,100.29
2025-01-25,SHANGHAI_TO_LA,7185,107.74
2025-01-26,SHANGHAI_TO_LA,6601,107.59
2025-01-27,SHANGHAI_TO_LA,6466,95.56
2025-01-28,SHANGHAI_TO_LA,7169,104.23
2025-01-29,SHANGHAI_TO_LA,7288,95.82
2025-01-30,SHANGHAI_TO_LA,6356,92.62
2025-01-31,SHANGHAI_TO_LA,7009,93.85
2025-02-01,SHANGHAI_TO_LA,6807,91.74
2025-02-02,SHANGHAI_TO_LA,7020,93.8
2025-02-03,SHANGHAI_TO_LA,6466,102.86
2025-02-04,SHANGHAI_TO_LA,7021,96.55
2025-02-05,SHANGHAI_TO_LA,6913,106.77
2025-02-06,SHANGHAI_TO_LA,6775,100.06
2025-02-07,SHANGHAI_TO_LA,7185,94.36
2025-02-08,SHANGHAI_TO_LA,6999,100.08
2025-02-09,SHANGHAI_TO_LA,7452,108.5
2025-02-10,SHANGHAI_TO_LA,6877,102.84
2025-02-11,SHANGHAI_TO_LA,7212,102.42
2025-02-12,SHANGHAI_TO_LA,7273,99.77
2025-02-13,SHANGHAI_TO_LA,7362,107.27
2025-02-14,SHANGHAI_TO_LA,6776,102.88
2025-02-15,SHANGHAI_TO_LA,7151,103.19
2025-02-16,SHANGHAI_TO_LA,7457,101.64
2025-02-17,SHANGHAI_TO_LA,6862,108.96
2025-02-18,SHANGHAI_TO_LA,6912,106.46
2025-02-19,SHANGHAI_TO_LA,6625,107.96
2025-02-20,SHANGHAI_TO_LA,7583,93.11
2025-02-21,SHANGHAI_TO_LA,6826,103.31
2025-02-22,SHANGHAI_TO_LA,6956,102.49
2025-02-23,SHANGHAI_TO_LA,7508,91.36
2025-02-24,SHANGHAI_TO_LA,6741,97.07
2025-02-25,SHANGHAI_TO_LA,7264,105.23
2025-02-26,SHANGHAI_TO_LA,7788,92.51
2025-02-27,SHANGHAI_TO_LA,7607,108.17
2025-02-28,SHANGHAI_TO_LA,7392,93.58
2025-03-01,SHANGHAI_TO_LA,7589,100.84
2025-03-02,SHANGHAI_TO_LA,7468,91.22
2025-03-03,SHANGHAI_TO_LA,7071,91.07
2025-03-04,SHANGHAI_TO_LA,7535,90.39
2025-03-05,SHANGHAI_TO_LA,7349,95.18
2025-03-06,SHANGHAI_TO_LA,7348,100.13
2025-03-07,SHANGHAI_TO_LA,7933,101.55
2025-03-08,SHANGHAI_TO_LA,7818,108.28
2025-03-09,SHANGHAI_TO_LA,7450,90.19
2025-03-10,SHANGHAI_TO_LA,7111,100.86
2025-03-11,SHANGHAI_TO_LA,7654,99.48
2025-03-12,SHANGHAI_TO_LA,8066,102.61
2025-03-13,SHANGHAI_TO_LA,7458,101.03
2025-03-14,SHANGHAI_TO_LA,7719,93.32
2025-03-15,SHANGHAI_TO_LA,8105,97.75
2025-03-16,SHANGHAI_TO_LA,7967,105.13
2025-03-17,SHANGHAI_TO_LA,7330,96.67
2025-03-18,SHANGHAI_TO_LA,7461,106.44
2025-03-19,SHANGHAI_TO_LA,7360,101.09
2025-03-20,SHANGHAI_TO_LA,8051,95.96
2025-03-21,SHANGHAI_TO_LA,8215,90.92
2025-03-22,SHANGHAI_TO_LA,7468,91.62
2025-03-23,SHANGHAI_TO_LA,7678,95.21
2025-03-24,SHANGHAI_TO_LA,8042,98.31
2025-03-25,SHANGHAI_TO_LA,8075,93.44
2025-03-26,SHANGHAI_TO_LA,8394,98.77
2025-03-27,SHANGHAI_TO_LA,8007,104.45
2025-03-28,SHANGHAI_TO_LA,7999,107.55
2025-03-29,SHANGHAI_TO_LA,7979,98.12
2025-03-30,SHANGHAI_TO_LA,7909,98.27
2025-03-31,SHANGHAI_TO_LA,8008,98.93
2025-04-01,SHANGHAI_TO_LA,8242,108.35
2025-04-02,SHANGHAI_TO_LA,8184,106.72
2025-04-03,SHANGHAI_TO_LA,8146,91.1
2025-04-04,SHANGHAI_TO_LA,8443,92.26
2025-04-05,SHANGHAI_TO_LA,8123,100.03
2025-04-06,SHANGHAI_TO_LA,8378,91.39
2025-04-07,SHANGHAI_TO_LA,8305,104.55
2025-04-08,SHANGHAI_TO_LA,8517,103.71
2025-04-09,SHANGHAI_TO_LA,8413,94.18
2025-04-10,SHANGHAI_TO_LA,8333,99.99
2025-04-11,SHANGHAI_TO_LA,8156,98.95
2025-04-12,SHANGHAI_TO_LA,8390,93.28
2025-04-13,SHANGHAI_TO_LA,8880,93.7
2025-04-14,SHANGHAI_TO_LA,8061,94.83
2025-04-15,SHANGHAI_TO_LA,8898,103.97
2025-04-16,SHANGHAI_TO_LA,8096,94.29
2025-04-17,SHANGHAI_TO_LA,8130,105.64
2025-04-18,SHANGHAI_TO_LA,8795,104.92
2025-04-19,SHANGHAI_TO_LA,8666,104.15
2025-04-20,SHANGHAI_TO_LA,8290,105.79
2025-04-21,SHANGHAI_TO_LA,8194,104.86
2025-04-22,SHANGHAI_TO_LA,8939,99.46
2025-04-23,SHANGHAI_TO_LA,9068,93.15
2025-04-24,SHANGHAI_TO_LA,9007,95.34
2025-04-25,SHANGHAI_TO_LA,8741,106.32
2025-04-26,SHANGHAI_TO_LA,9242,98.69
2025-04-27,SHANGHAI_TO_LA,9340,95.92
2025-04-28,SHANGHAI_TO_LA,9417,106.08
2025-04-29,SHANGHAI_TO_LA,9091,103.39
2025-04-30,SHANGHAI_TO_LA,8496,95.92
2025-05-01,SHANGHAI_TO_LA,8539,95.11
2025-05-02,SHANGHAI_TO_LA,8526,99.35
2025-05-03,SHANGHAI_TO_LA,8980,100.11
2025-05-04,SHANGHAI_TO_LA,8910,101.98
2025-05-05,SHANGHAI_TO_LA,9233,98.88
2025-05-06,SHANGHAI_TO_LA,9105,107.49
2025-05-07,SHANGHAI_TO_LA,9514,97.55
2025-05-08,SHANGHAI_TO_LA,8949,91.93
2025-05-09,SHANGHAI_TO_LA,8700,96.68
2025-05-10,SHANGHAI_TO_LA,9208,101.63
2025-05-11,SHANGHAI_TO_LA,9251,96.25
2025-05-12,SHANGHAI_TO_LA,9330,108.82
2025-05-13,SHANGHAI_TO_LA,9088,90.32
2025-05-14,SHANGHAI_TO_LA,9765,94.75
2025-05-15,SHANGHAI_TO_LA,8843,91.16
2025-05-16,SHANGHAI_TO_LA,9256,94.9
2025-05-17,SHANGHAI_TO_LA,9611,102.94
2025-05-18,SHANGHAI_TO_LA,9686,100.05
2025-05-19,SHANGHAI_TO_LA,9668,93.05
2025-05-20,SHANGHAI_TO_LA,9788,103.44
2025-05-21,SHANGHAI_TO_LA,9159,92.99
2025-05-22,SHANGHAI_TO_LA,9046,103.96
2025-05-23,SHANGHAI_TO_LA,9349,91.73
2025-05-24,SHANGHAI_TO_LA,9468,96.88
2025-05-25,SHANGHAI_TO_LA,9750,103.88
2025-05-26,SHANGHAI_TO_LA,9921,105.58
2025-05-27,SHANGHAI_TO_LA,9735,106.36
2025-05-28,SHANGHAI_TO_LA,9658,98.19
2025-05-29,SHANGHAI_TO_LA,9246,105.56
2025-05-30,SHANGHAI_TO_LA,9166,97.42
2025-05-31,SHANGHAI_TO_LA,9219,97.82
2025-06-01,SHANGHAI_TO_LA,10193,94.7
2025-06-02,SHANGHAI_TO_LA,9770,108.73
2025-06-03,SHANGHAI_TO_LA,9596,96.26
2025-06-04,SHANGHAI_TO_LA,10068,102.15
2025-06-05,SHANGHAI_TO_LA,10102,95.75
2025-06-06,SHANGHAI_TO_LA,10015,91.93
2025-06-07,SHANGHAI_TO_LA,10078,106.74
2025-06-08,SHANGHAI_TO_LA,9980,109.28
2025-06-09,SHANGHAI_TO_LA,10144,95.21
2025-06-10,SHANGHAI_TO_LA,9424,99.78
2025-06-11,SHANGHAI_TO_LA,10373,96.49
2025-06-12,SHANGHAI_TO_LA,10118,103.64
2025-06-13,SHANGHAI_TO_LA,10148,104.95
2025-06-14,SHANGHAI_TO_LA,9998,105.55
2025-06-15,SHANGHAI_TO_LA,10354,92.26
2025-06-16,SHANGHAI_TO_LA,10183,107.09
2025-06-17,SHANGHAI_TO_LA,10161,98.35
2025-06-18,SHANGHAI_TO_LA,10407,103.24
2025-06-19,SHANGHAI_TO_LA,9730,94.91
2025-06-20,SHANGHAI_TO_LA,10468,105.07
2025-06-21,SHANGHAI_TO_LA,10265,94.58
2025-06-22,SHANGHAI_TO_LA,9890,102.68
2025-06-23,SHANGHAI_TO_LA,10147,96.86
2025-06-24,SHANGHAI_TO_LA,10092,92.54
2025-06-25,SHANGHAI_TO_LA,10488,109.82
2025-06-26,SHANGHAI_TO_LA,9958,107.51
2025-06-27,SHANGHAI_TO_LA,10423,94.33
2025-06-28,SHANGHAI_TO_LA,10053,107.93
2025-06-29,SHANGHAI_TO_LA,10440,97.98
2025-06-30,SHANGHAI_TO_LA,9894,101.21
2025-07-01,SHANGHAI_TO_LA,10192,94.47
2025-07-02,SHANGHAI_TO_LA,9984,100.15
2025-07-03,SHANGHAI_TO_LA,10573,97.52
2025-07-04,SHANGHAI_TO_LA,9625,104.24
2025-07-05,SHANGHAI_TO_LA,10277,105.8
2025-07-06,SHANGHAI_TO_LA,9954,95.1
2025-07-07,SHANGHAI_TO_LA,10422,96.46
2025-07-08,SHANGHAI_TO_LA,10543,90.13
2025-07-09,SHANGHAI_TO_LA,9567,98.57
2025-07-10,SHANGHAI_TO_LA,9571,105.45
2025-07-11,SHANGHAI_TO_LA,9745,95.46
2025-07-12,SHANGHAI_TO_LA,9786,105.79
2025-07-13,SHANGHAI_TO_LA,10316,94.87
2025-07-14,SHANGHAI_TO_LA,10176,94.7
2025-07-15,SHANGHAI_TO_LA,9996,94.31
2025-07-16,SHANGHAI_TO_LA,9759,103.33
2025-07-17,SHANGHAI_TO_LA,10191,100.73
2025-07-18,SHANGHAI_TO_LA,9903,105.18
2025-07-19,SHANGHAI_TO_LA,10260,104.69
2025-07-20,SHANGHAI_TO_LA,9840,100.17
2025-07-21,SHANGHAI_TO_LA,10230,91.23
2025-07-22,SHANGHAI_TO_LA,10399,96.6
2025-07-23,SHANGHAI_TO_LA,9810,108.53
2025-07-24,SHANGHAI_TO_LA,10539,93.0
2025-07-25,SHANGHAI_TO_LA,10168,93.97
2025-07-26,SHANGHAI_TO_LA,9675,101.17
2025-07-27,SHANGHAI_TO_LA,10239,98.65
2025-07-28,SHANGHAI_TO_LA,10409,104.74
2025-07-29,SHANGHAI_TO_LA,9888,97.68
2025-07-30,SHANGHAI_TO_LA,9610,108.26
2025-07-31,SHANGHAI_TO_LA,10338,101.99
2025-08-01,SHANGHAI_TO_LA,9438,94.96
2025-08-02,SHANGHAI_TO_LA,9561,98.11
2025-08-03,SHANGHAI_TO_LA,10125,94.74
2025-08-04,SHANGHAI_TO_LA,9591,109.23
2025-08-05,SHANGHAI_TO_LA,9777,102.59
2025-08-06,SHANGHAI_TO_LA,9924,105.11
2025-08-07,SHANGHAI_TO_LA,9612,90.58
2025-08-08,SHANGHAI_TO_LA,9810,106.26
2025-08-09,SHANGHAI_TO_LA,10182,103.8
2025-08-10,SHANGHAI_TO_LA,10022,103.23
2025-08-11,SHANGHAI_TO_LA,9830,108.96
2025-08-12,SHANGHAI_TO_LA,9393,108.89
2025-08-13,SHANGHAI_TO_LA,10138,105.69
2025-08-14,SHANGHAI_TO_LA,9968,107.6
2025-08-15,SHANGHAI_TO_LA,10062,96.37
2025-08-16,SHANGHAI_TO_LA,10037,104.14
2025-08-17,SHANGHAI_TO_LA,9344,91.34
2025-08-18,SHANGHAI_TO_LA,9452,94.9
2025-08-19,SHANGHAI_TO_LA,9312,104.15
2025-08-20,SHANGHAI_TO_LA,9352,91.36
2025-08-21,SHANGHAI_TO_LA,9447,102.5
2025-08-22,SHANGHAI_TO_LA,9717,109.15
2025-08-23,SHANGHAI_TO_LA,9502,97.74
2025-08-24,SHANGHAI_TO_LA,9359,101.05
2025-08-25,SHANGHAI_TO_LA,9624,93.01
2025-08-26,SHANGHAI_TO_LA,9135,102.66
2025-08-27,SHANGHAI_TO_LA,9631,109.86
2025-08-28,SHANGHAI_TO_LA,9097,109.77
2025-08-29,SHANGHAI_TO_LA,9337,98.77
2025-08-30,SHANGHAI_TO_LA,9469,109.86
2025-08-31,SHANGHAI_TO_LA,9800,102.67
2025-09-01,SHANGHAI_TO_LA,9052,100.05
2025-09-02,SHANGHAI_TO_LA,9355,93.35
2025-09-03,SHANGHAI_TO_LA,9693,92.74
2025-09-04,SHANGHAI_TO_LA,9705,104.23
2025-09-05,SHANGHAI_TO_LA,9241,105.94
2025-09-06,SHANGHAI_TO_LA,9463,96.95
2025-09-07,SHANGHAI_TO_LA,9801,96.51
2025-09-08,SHANGHAI_TO_LA,9061,100.18
2025-09-09,SHANGHAI_TO_LA,8880,109.68
2025-09-10,SHANGHAI_TO_LA,9679,97.52
2025-09-11,SHANGHAI_TO_LA,9149,108.2
2025-09-12,SHANGHAI_TO_LA,8862,96.55
2025-09-13,SHANGHAI_TO_LA,9255,94.8
2025-09-14,SHANGHAI_TO_LA,9444,95.16
2025-09-15,SHANGHAI_TO_LA,9226,95.93
2025-09-16,SHANGHAI_TO_LA,8593,108.04
2025-09-17,SHANGHAI_TO_LA,8584,101.67
2025-09-18,SHANGHAI_TO_LA,9491,90.24
2025-09-19,SHANGHAI_TO_LA,9233,93.61
2025-09-20,SHANGHAI_TO_LA,8922,92.92
2025-09-21,SHANGHAI_TO_LA,9249,105.36
2025-09-22,SHANGHAI_TO_LA,8532,93.66
2025-09-23,SHANGHAI_TO_LA,8869,93.04
2025-09-24,SHANGHAI_TO_LA,8750,92.82
2025-09-25,SHANGHAI_TO_LA,8544,108.63
2025-09-26,SHANGHAI_TO_LA,8553,95.88
2025-09-27,SHANGHAI_TO_LA,8889,107.56
2025-09-28,SHANGHAI_TO_LA,8758,101.6
2025-09-29,SHANGHAI_TO_LA,8466,94.05
2025-09-30,SHANGHAI_TO_LA,9149,101.04
2025-10-01,SHANGHAI_TO_LA,9071,93.96
2025-10-02,SHANGHAI_TO_LA,9091,93.67
2025-10-03,SHANGHAI_TO_LA,8624,90.11
2025-10-04,SHANGHAI_TO_LA,8620,93.01
2025-10-05,SHANGHAI_TO_LA,8082,101.24
2025-10-06,SHANGHAI_TO_LA,8679,108.62
2025-10-07,SHANGHAI_TO_LA,8028,108.17
2025-10-08,SHANGHAI_TO_LA,8242,94.73
2025-10-09,SHANGHAI_TO_LA,8489,94.48
2025-10-10,SHANGHAI_TO_LA,7946,107.26
2025-10-11,SHANGHAI_TO_LA,8654,90.52
2025-10-12,SHANGHAI_TO_LA,8157,100.61
2025-10-13,SHANGHAI_TO_LA,8561,91.25
2025-10-14,SHANGHAI_TO_LA,8607,99.89
2025-10-15,SHANGHAI_TO_LA,7978,104.64
2025-10-16,SHANGHAI_TO_LA,8474,100.17
2025-10-17,SHANGHAI_TO_LA,7850,90.82
2025-10-18,SHANGHAI_TO_LA,8316,98.46
2025-10-19,SHANGHAI_TO_LA,7899,102.57
2025-10-20,SHANGHAI_TO_LA,8192,107.62
2025-10-21,SHANGHAI_TO_LA,7774,109.85
2025-10-22,SHANGHAI_TO_LA,7894,103.47
2025-10-23,SHANGHAI_TO_LA,7639,97.52
2025-10-24,SHANGHAI_TO_LA,8375,109.36
2025-10-25,SHANGHAI_TO_LA,7752,100.27
2025-10-26,SHANGHAI_TO_LA,7601,105.06
2025-10-27,SHANGHAI_TO_LA,8350,90.78
2025-10-28,SHANGHAI_TO_LA,7388,91.37
2025-10-29,SHANGHAI_TO_LA,8010,97.26
2025-10-30,SHANGHAI_TO_LA,7468,105.11
2025-10-31,SHANGHAI_TO_LA,7524,99.9
2025-11-01,SHANGHAI_TO_LA,7853,101.28
2025-11-02,SHANGHAI_TO_LA,8066,98.32
2025-11-03,SHANGHAI_TO_LA,7358,109.02
2025-11-04,SHANGHAI_TO_LA,7734,93.03
2025-11-05,SHANGHAI_TO_LA,7599,94.02
2025-11-06,SHANGHAI_TO_LA,7772,98.4
2025-11-07,SHANGHAI_TO_LA,7132,95.08
2025-11-08,SHANGHAI_TO_LA,7766,108.94
2025-11-09,SHANGHAI_TO_LA,8070,101.76
2025-11-10,SHANGHAI_TO_LA,7718,103.63
2025-11-11,SHANGHAI_TO_LA,7428,96.72
2025-11-12,SHANGHAI_TO_LA,7729,107.3
2025-11-13,SHANGHAI_TO_LA,7482,101.79
2025-11-14,SHANGHAI_TO_LA,7430,92.45
2025-11-15,SHANGHAI_TO_LA,7643,108.42
2025-11-16,SHANGHAI_TO_LA,7891,102.63
2025-11-17,SHANGHAI_TO_LA,7274,95.08
2025-11-18,SHANGHAI_TO_LA,7603,97.86
2025-11-19,SHANGHAI_TO_LA,7547,107.85
2025-11-20,SHANGHAI_TO_LA,7564,99.78
2025-11-21,SHANGHAI_TO_LA,7206,101.25
2025-11-22,SHANGHAI_TO_LA,7751,108.4
2025-11-23,SHANGHAI_TO_LA,7065,107.83
2025-11-24,SHANGHAI_TO_LA,7450,103.13
2025-11-25,SHANGHAI_TO_LA,6770,108.66
2025-11-26,SHANGHAI_TO_LA,6848,106.57
2025-11-27,SHANGHAI_TO_LA,7521,109.21
2025-11-28,SHANGHAI_TO_LA,7492,99.96
2025-11-29,SHANGHAI_TO_LA,7130,98.75
2025-11-30,SHANGHAI_TO_LA,7079,90.26
2025-12-01,SHANGHAI_TO_LA,6681,103.02
2025-12-02,SHANGHAI_TO_LA,6798,90.35
2025-12-03,SHANGHAI_TO_LA,6640,101.43
2025-12-04,SHANGHAI_TO_LA,7284,92.93
2025-12-05,SHANGHAI_TO_LA,6932,99.99
2025-12-06,SHANGHAI_TO_LA,6492,98.84
2025-12-07,SHANGHAI_TO_LA,6465,97.01
2025-12-08,SHANGHAI_TO_LA,7394,109.51
2025-12-09,SHANGHAI_TO_LA,6499,106.87
2025-12-10,SHANGHAI_TO_LA,6656,99.6
2025-12-11,SHANGHAI_TO_LA,7259,105.31
2025-12-12,SHANGHAI_TO_LA,6943,94.2
2025-12-13,SHANGHAI_TO_LA,6679,103.14
2025-12-14,SHANGHAI_TO_LA,6595,99.11
2025-12-15,SHANGHAI_TO_LA,7137,105.6
2025-12-16,SHANGHAI_TO_LA,6623,106.67
2025-12-17,SHANGHAI_TO_LA,7306,101.99
2025-12-18,SHANGHAI_TO_LA,6537,104.82
2025-12-19,SHANGHAI_TO_LA,6835,94.02
2025-12-20,SHANGHAI_TO_LA,6793,91.73
2025-12-21,SHANGHAI_TO_LA,7175,96.74
2025-12-22,SHANGHAI_TO_LA,6388,97.81
2025-12-23,SHANGHAI_TO_LA,6524,95.1
2025-12-24,SHANGHAI_TO_LA,7003,104.19
2025-12-25,SHANGHAI_TO_LA,6634,102.33
2025-12-26,SHANGHAI_TO_LA,6754,109.0
2025-12-27,SHANGHAI_TO_LA,6867,91.41
2025-12-28,SHANGHAI_TO_LA,6595,109.04
2025-12-29,SHANGHAI_TO_LA,6969,97.31
2025-12-30,SHANGHAI_TO_LA,6623,105.75
2025-12-31,SHANGHAI_TO_LA,6451,90.6
2026-01-01,SHANGHAI_TO_LA,6887,98.68
2026-01-02,SHANGHAI_TO_LA,6717,94.54
2026-01-03,SHANGHAI_TO_LA,6514,96.82
2026-01-04,SHANGHAI_TO_LA,6857,105.82
2026-01-05,SHANGHAI_TO_LA,6282,105.5
2026-01-06,SHANGHAI_TO_LA,7240,102.4
2026-01-07,SHANGHAI_TO_LA,7047,96.13
2026-01-08,SHANGHAI_TO_LA,6340,108.34
2026-01-09,SHANGHAI_TO_LA,6198,93.18
2026-01-10,SHANGHAI_TO_LA,6883,104.16
2026-01-11,SHANGHAI_TO_LA,6310,98.09
2026-01-12,SHANGHAI_TO_LA,6817,102.46
2026-01-13,SHANGHAI_TO_LA,6743,108.14
2026-01-14,SHANGHAI_TO_LA,6675,98.28
2026-01-15,SHANGHAI_TO_LA,6362,107.52
2026-01-16,SHANGHAI_TO_LA,6930,96.47
2026-01-17,SHANGHAI_TO_LA,6899,97.88
2026-01-18,SHANGHAI_TO_LA,6989,95.57
2026-01-19,SHANGHAI_TO_LA,6862,107.16
2026-01-20,SHANGHAI_TO_LA,6748,103.49
2026-01-21,SHANGHAI_TO_LA,6422,95.1
2026-01-22,SHANGHAI_TO_LA,6928,106.75
2026-01-23,SHANGHAI_TO_LA,6577,98.04
2026-01-24,SHANGHAI_TO_LA,7118,100.5
2026-01-25,SHANGHAI_TO_LA,7090,90.28
2026-01-26,SHANGHAI_TO_LA,7087,99.23
2026-01-27,SHANGHAI_TO_LA,7024,106.55
2026-01-28,SHANGHAI_TO_LA,6408,107.89
2026-01-29,SHANGHAI_TO_LA,7055,95.18
2026-01-30,SHANGHAI_TO_LA,6788,94.3
2026-01-31,SHANGHAI_TO_LA,6834,104.7
2026-02-01,SHANGHAI_TO_LA,7234,102.21
2024-01-01,MUMBAI_TO_DUBAI,2071,93.83
2024-01-02,MUMBAI_TO_DUBAI,2145,91.55
2024-01-03,MUMBAI_TO_DUBAI,2588,109.25
2024-01-04,MUMBAI_TO_DUBAI,2744,103.19
2024-01-05,MUMBAI_TO_DUBAI,2078,103.27
2024-01-06,MUMBAI_TO_DUBAI,2898,101.75
2024-01-07,MUMBAI_TO_DUBAI,2890,104.09
2024-01-08,MUMBAI_TO_DUBAI,2109,102.37
2024-01-09,MUMBAI_TO_DUBAI,2689,101.74
2024-01-10,MUMBAI_TO_DUBAI,2142,104.72
2024-01-11,MUMBAI_TO_DUBAI,1918,92.25
2024-01-12,MUMBAI_TO_DUBAI,2294,92.21
2024-01-13,MUMBAI_TO_DUBAI,2818,103.91
2024-01-14,MUMBAI_TO_DUBAI,2343,108.98
2024-01-15,MUMBAI_TO_DUBAI,2645,107.09
2024-01-16,MUMBAI_TO_DUBAI,2645,103.66
2024-01-17,MUMBAI_TO_DUBAI,2204,90.46
2024-01-18,MUMBAI_TO_DUBAI,2485,102.12
2024-01-19,MUMBAI_TO_DUBAI,2256,96.8
2024-01-20,MUMBAI_TO_DUBAI,2799,92.58
2024-01-21,MUMBAI_TO_DUBAI,2803,92.82
2024-01-22,MUMBAI_TO_DUBAI,2522,108.5
2024-01-23,MUMBAI_TO_DUBAI,1972,100.35
2024-01-24,MUMBAI_TO_DUBAI,2468,92.61
2024-01-25,MUMBAI_TO_DUBAI,1944,108.31
2024-01-26,MUMBAI_TO_DUBAI,2344,90.59
2024-01-27,MUMBAI_TO_DUBAI,2109,102.72
2024-01-28,MUMBAI_TO_DUBAI,2338,103.55
2024-01-29,MUMBAI_TO_DUBAI,2476,90.5
2024-01-30,MUMBAI_TO_DUBAI,2318,109.01
2024-01-31,MUMBAI_TO_DUBAI,2598,103.64
2024-02-01,MUMBAI_TO_DUBAI,2460,108.14
2024-02-02,MUMBAI_TO_DUBAI,2592,108.8
2024-02-03,MUMBAI_TO_DUBAI,2059,93.55
2024-02-04,MUMBAI_TO_DUBAI,2301,90.12
2024-02-05,MUMBAI_TO_DUBAI,2814,96.89
2024-02-06,MUMBAI_TO_DUBAI,2552,108.79
2024-02-07,MUMBAI_TO_DUBAI,2596,106.72
2024-02-08,MUMBAI_TO_DUBAI,2931,98.74
2024-02-09,MUMBAI_TO_DUBAI,2114,98.07
2024-02-10,MUMBAI_TO_DUBAI,2126,108.13
2024-02-11,MUMBAI_TO_DUBAI,1998,102.06
2024-02-12,MUMBAI_TO_DUBAI,2526,106.0
2024-02-13,MUMBAI_TO_DUBAI,2200,105.7
2024-02-14,MUMBAI_TO_DUBAI,2660,103.12
2024-02-15,MUMBAI_TO_DUBAI,2404,109.25
2024-02-16,MUMBAI_TO_DUBAI,2631,105.31
2024-02-17,MUMBAI_TO_DUBAI,2167,93.39
2024-02-18,MUMBAI_TO_DUBAI,2233,102.54
2024-02-19,MUMBAI_TO_DUBAI,2490,104.86
2024-02-20,MUMBAI_TO_DUBAI,2395,109.06
2024-02-21,MUMBAI_TO_DUBAI,2197,98.61
2024-02-22,MUMBAI_TO_DUBAI,2688,105.08
2024-02-23,MUMBAI_TO_DUBAI,2532,108.71
2024-02-24,MUMBAI_TO_DUBAI,3033,95.24
2024-02-25,MUMBAI_TO_DUBAI,2577,104.6
2024-02-26,MUMBAI_TO_DUBAI,2719,96.01
2024-02-27,MUMBAI_TO_DUBAI,2794,94.65
2024-02-28,MUMBAI_TO_DUBAI,2414,103.02
2024-02-29,MUMBAI_TO_DUBAI,2512,98.86
2024-03-01,MUMBAI_TO_DUBAI,2357,103.22
2024-03-02,MUMBAI_TO_DUBAI,3045,96.21
2024-03-03,MUMBAI_TO_DUBAI,3019,102.63
2024-03-04,MUMBAI_TO_DUBAI,2737,92.94
2024-03-05,MUMBAI_TO_DUBAI,3017,90.77
2024-03-06,MUMBAI_TO_DUBAI,2726,107.02
2024-03-07,MUMBAI_TO_DUBAI,2429,109.78
2024-03-08,MUMBAI_TO_DUBAI,2973,92.39
2024-03-09,MUMBAI_TO_DUBAI,3132,104.62
2024-03-10,MUMBAI_TO_DUBAI,2308,101.51
2024-03-11,MUMBAI_TO_DUBAI,2676,96.59
2024-03-12,MUMBAI_TO_DUBAI,2280,99.88
2024-03-13,MUMBAI_TO_DUBAI,2638,102.49
2024-03-14,MUMBAI_TO_DUBAI,2371,96.86
2024-03-15,MUMBAI_TO_DUBAI,3243,104.54
2024-03-16,MUMBAI_TO_DUBAI,2568,96.43
2024-03-17,MUMBAI_TO_DUBAI,2663,99.33
2024-03-18,MUMBAI_TO_DUBAI,2597,100.81
2024-03-19,MUMBAI_TO_DUBAI,2871,109.8
2024-03-20,MUMBAI_TO_DUBAI,2941,91.13
2024-03-21,MUMBAI_TO_DUBAI,2449,95.66
2024-03-22,MUMBAI_TO_DUBAI,3165,90.4
2024-03-23,MUMBAI_TO_DUBAI,2438,90.26
2024-03-24,MUMBAI_TO_DUBAI,2407,99.21
2024-03-25,MUMBAI_TO_DUBAI,3232,93.79
2024-03-26,MUMBAI_TO_DUBAI,2739,97.28
2024-03-27,MUMBAI_TO_DUBAI,3199,109.7
2024-03-28,MUMBAI_TO_DUBAI,2857,105.42
2024-03-29,MUMBAI_TO_DUBAI,2455,108.02
2024-03-30,MUMBAI_TO_DUBAI,2438,106.57
2024-03-31,MUMBAI_TO_DUBAI,2841,93.16
2024-04-01,MUMBAI_TO_DUBAI,2442,91.88
2024-04-02,MUMBAI_TO_DUBAI,2761,109.2
2024-04-03,MUMBAI_TO_DUBAI,2439,107.73
2024-04-04,MUMBAI_TO_DUBAI,3222,92.03
2024-04-05,MUMBAI_TO_DUBAI,3273,98.58
2024-04-06,MUMBAI_TO_DUBAI,3114,93.54
2024-04-07,MUMBAI_TO_DUBAI,3158,107.71
2024-04-08,MUMBAI_TO_DUBAI,2624,100.64
2024-04-09,MUMBAI_TO_DUBAI,2736,96.65
2024-04-10,MUMBAI_TO_DUBAI,2831,104.19
2024-04-11,MUMBAI_TO_DUBAI,2620,92.94
2024-04-12,MUMBAI_TO_DUBAI,3188,105.49
2024-04-13,MUMBAI_TO_DUBAI,2948,100.44
2024-04-14,MUMBAI_TO_DUBAI,3380,99.21
2024-04-15,MUMBAI_TO_DUBAI,3142,95.54
2024-04-16,MUMBAI_TO_DUBAI,3537,106.11
2024-04-17,MUMBAI_TO_DUBAI,3094,100.71
2024-04-18,MUMBAI_TO_DUBAI,3043,109.87
2024-04-19,MUMBAI_TO_DUBAI,3522,97.15
2024-04-20,MUMBAI_TO_DUBAI,3259,101.62
2024-04-21,MUMBAI_TO_DUBAI,2800,91.08
2024-04-22,MUMBAI_TO_DUBAI,3580,92.51
2024-04-23,MUMBAI_TO_DUBAI,3561,107.48
2024-04-24,MUMBAI_TO_DUBAI,3332,106.82
2024-04-25,MUMBAI_TO_DUBAI,3569,100.86
2024-04-26,MUMBAI_TO_DUBAI,3476,102.37
2024-04-27,MUMBAI_TO_DUBAI,3562,109.81
2024-04-28,MUMBAI_TO_DUBAI,2888,101.48
2024-04-29,MUMBAI_TO_DUBAI,2775,100.14
2024-04-30,MUMBAI_TO_DUBAI,3442,106.7
2024-05-01,MUMBAI_TO_DUBAI,2894,91.13
2024-05-02,MUMBAI_TO_DUBAI,2809,108.76
2024-05-03,MUMBAI_TO_DUBAI,3324,99.65
2024-05-04,MUMBAI_TO_DUBAI,3568,99.9
2024-05-05,MUMBAI_TO_DUBAI,2975,95.96
2024-05-06,MUMBAI_TO_DUBAI,3243,103.19
2024-05-07,MUMBAI_TO_DUBAI,3092,106.87
2024-05-08,MUMBAI_TO_DUBAI,3078,99.91
2024-05-09,MUMBAI_TO_DUBAI,3222,100.68
2024-05-10,MUMBAI_TO_DUBAI,3044,104.01
2024-05-11,MUMBAI_TO_DUBAI,2917,98.14
2024-05-12,MUMBAI_TO_DUBAI,3790,100.69
2024-05-13,MUMBAI_TO_DUBAI,3504,106.34
2024-05-14,MUMBAI_TO_DUBAI,3514,94.32
2024-05-15,MUMBAI_TO_DUBAI,2895,101.03
2024-05-16,MUMBAI_TO_DUBAI,2867,91.19
2024-05-17,MUMBAI_TO_DUBAI,3099,109.97
2024-05-18,MUMBAI_TO_DUBAI,2966,104.36
2024-05-19,MUMBAI_TO_DUBAI,2991,97.37
2024-05-20,MUMBAI_TO_DUBAI,3839,108.61
2024-05-21,MUMBAI_TO_DUBAI,3713,96.54
2024-05-22,MUMBAI_TO_DUBAI,2972,99.22
2024-05-23,MUMBAI_TO_DUBAI,3335,93.37
2024-05-24,MUMBAI_TO_DUBAI,3845,102.12
2024-05-25,MUMBAI_TO_DUBAI,3200,108.42
2024-05-26,MUMBAI_TO_DUBAI,3046,99.26
2024-05-27,MUMBAI_TO_DUBAI,3680,96.84
2024-05-28,MUMBAI_TO_DUBAI,3734,99.62
2024-05-29,MUMBAI_TO_DUBAI,3350,103.44
2024-05-30,MUMBAI_TO_DUBAI,3066,97.3
2024-05-31,MUMBAI_TO_DUBAI,3867,91.76
2024-06-01,MUMBAI_TO_DUBAI,3685,92.83
2024-06-02,MUMBAI_TO_DUBAI,3773,98.26
2024-06-03,MUMBAI_TO_DUBAI,3336,100.52
2024-06-04,MUMBAI_TO_DUBAI,3819,101.18
2024-06-05,MUMBAI_TO_DUBAI,3060,108.24
2024-06-06,MUMBAI_TO_DUBAI,3387,95.58
2024-06-07,MUMBAI_TO_DUBAI,3426,109.92
2024-06-08,MUMBAI_TO_DUBAI,3402,102.02
2024-06-09,MUMBAI_TO_DUBAI,3380,93.44
2024-06-10,MUMBAI_TO_DUBAI,3511,108.47
2024-06-11,MUMBAI_TO_DUBAI,4025,103.8
2024-06-12,MUMBAI_TO_DUBAI,3871,103.82
2024-06-13,MUMBAI_TO_DUBAI,3652,92.86
2024-06-14,MUMBAI_TO_DUBAI,3530,99.66
2024-06-15,MUMBAI_TO_DUBAI,3333,104.39
2024-06-16,MUMBAI_TO_DUBAI,3106,97.17
2024-06-17,MUMBAI_TO_DUBAI,3898,100.56
2024-06-18,MUMBAI_TO_DUBAI,3378,106.15
2024-06-19,MUMBAI_TO_DUBAI,3660,108.78
2024-06-20,MUMBAI_TO_DUBAI,3893,101.51
2024-06-21,MUMBAI_TO_DUBAI,4034,99.51
2024-06-22,MUMBAI_TO_DUBAI,3541,90.87
2024-06-23,MUMBAI_TO_DUBAI,3342,106.25
2024-06-24,MUMBAI_TO_DUBAI,3194,91.36
2024-06-25,MUMBAI_TO_DUBAI,3353,100.77
2024-06-26,MUMBAI_TO_DUBAI,3173,105.16
2024-06-27,MUMBAI_TO_DUBAI,3923,96.9
2024-06-28,MUMBAI_TO_DUBAI,3103,105.88
2024-06-29,MUMBAI_TO_DUBAI,3295,108.3
2024-06-30,MUMBAI_TO_DUBAI,3440,94.83
2024-07-01,MUMBAI_TO_DUBAI,3283,99.37
2024-07-02,MUMBAI_TO_DUBAI,3688,90.51
2024-07-03,MUMBAI_TO_DUBAI,3557,95.14
2024-07-04,MUMBAI_TO_DUBAI,3967,90.57
2024-07-05,MUMBAI_TO_DUBAI,3519,91.41
2024-07-06,MUMBAI_TO_DUBAI,3473,96.04
2024-07-07,MUMBAI_TO_DUBAI,3724,106.21
2024-07-08,MUMBAI_TO_DUBAI,3363,104.78
2024-07-09,MUMBAI_TO_DUBAI,3982,92.58
2024-07-10,MUMBAI_TO_DUBAI,3512,92.92
2024-07-11,MUMBAI_TO_DUBAI,4000,102.08
2024-07-12,MUMBAI_TO_DUBAI,3263,92.22
2024-07-13,MUMBAI_TO_DUBAI,3237,98.09
2024-07-14,MUMBAI_TO_DUBAI,3635,95.62
2024-07-15,MUMBAI_TO_DUBAI,3946,103.11
2024-07-16,MUMBAI_TO_DUBAI,3334,106.53
2024-07-17,MUMBAI_TO_DUBAI,3516,104.41
2024-07-18,MUMBAI_TO_DUBAI,3898,107.4
2024-07-19,MUMBAI_TO_DUBAI,4057,106.66
2024-07-20,MUMBAI_TO_DUBAI,3928,92.21
2024-07-21,MUMBAI_TO_DUBAI,3741,93.9
2024-07-22,MUMBAI_TO_DUBAI,3469,94.07
2024-07-23,MUMBAI_TO_DUBAI,3335,106.54
2024-07-24,MUMBAI_TO_DUBAI,3337,95.9
2024-07-25,MUMBAI_TO_DUBAI,4075,98.82
2024-07-26,MUMBAI_TO_DUBAI,3863,93.03
2024-07-27,MUMBAI_TO_DUBAI,3631,106.99
2024-07-28,MUMBAI_TO_DUBAI,4043,92.78
2024-07-29,MUMBAI_TO_DUBAI,3348,99.95
2024-07-30,MUMBAI_TO_DUBAI,3657,107.44
2024-07-31,MUMBAI_TO_DUBAI,3467,109.66
2024-08-01,MUMBAI_TO_DUBAI,3785,95.5
2024-08-02,MUMBAI_TO_DUBAI,3308,106.98
2024-08-03,MUMBAI_TO_DUBAI,3058,93.43
2024-08-04,MUMBAI_TO_DUBAI,3662,108.83
2024-08-05,MUMBAI_TO_DUBAI,3822,108.84
2024-08-06,MUMBAI_TO_DUBAI,3188,109.18
2024-08-07,MUMBAI_TO_DUBAI,3114,94.99
2024-08-08,MUMBAI_TO_DUBAI,3065,94.35
2024-08-09,MUMBAI_TO_DUBAI,3803,106.69
2024-08-10,MUMBAI_TO_DUBAI,3463,107.67
2024-08-11,MUMBAI_TO_DUBAI,3930,100.63
2024-08-12,MUMBAI_TO_DUBAI,3348,109.04
2024-08-13,MUMBAI_TO_DUBAI,3159,103.1
2024-08-14,MUMBAI_TO_DUBAI,3918,91.03
2024-08-15,MUMBAI_TO_DUBAI,3619,90.44
2024-08-16,MUMBAI_TO_DUBAI,3526,94.23
2024-08-17,MUMBAI_TO_DUBAI,3455,104.13
2024-08-18,MUMBAI_TO_DUBAI,3586,99.71
2024-08-19,MUMBAI_TO_DUBAI,3260,106.25
2024-08-20,MUMBAI_TO_DUBAI,3738,98.08
2024-08-21,MUMBAI_TO_DUBAI,3542,98.36
2024-08-22,MUMBAI_TO_DUBAI,3349,91.41
2024-08-23,MUMBAI_TO_DUBAI,3405,108.97
2024-08-24,MUMBAI_TO_DUBAI,3166,95.97
2024-08-25,MUMBAI_TO_DUBAI,3739,91.0
2024-08-26,MUMBAI_TO_DUBAI,3152,99.27
2024-08-27,MUMBAI_TO_DUBAI,3425,104.02
2024-08-28,MUMBAI_TO_DUBAI,3607,105.1
2024-08-29,MUMBAI_TO_DUBAI,3149,102.84
2024-08-30,MUMBAI_TO_DUBAI,3470,92.61
2024-08-31,MUMBAI_TO_DUBAI,3833,103.81
2024-09-01,MUMBAI_TO_DUBAI,3676,106.18
2024-09-02,MUMBAI_TO_DUBAI,3075,108.47
2024-09-03,MUMBAI_TO_DUBAI,3561,100.82
2024-09-04,MUMBAI_TO_DUBAI,3303,101.45
2024-09-05,MUMBAI_TO_DUBAI,3541,95.33
2024-09-06,MUMBAI_TO_DUBAI,3146,103.57
2024-09-07,MUMBAI_TO_DUBAI,3806,109.88
2024-09-08,MUMBAI_TO_DUBAI,3766,101.02
2024-09-09,MUMBAI_TO_DUBAI,2927,93.79
2024-09-10,MUMBAI_TO_DUBAI,3418,104.72
2024-09-11,MUMBAI_TO_DUBAI,2933,108.76
2024-09-12,MUMBAI_TO_DUBAI,3627,95.49
2024-09-13,MUMBAI_TO_DUBAI,3152,103.55
2024-09-14,MUMBAI_TO_DUBAI,2813,109.5
2024-09-15,MUMBAI_TO_DUBAI,3461,106.21
2024-09-16,MUMBAI_TO_DUBAI,2982,105.57
2024-09-17,MUMBAI_TO_DUBAI,3346,103.6
2024-09-18,MUMBAI_TO_DUBAI,2727,101.76
2024-09-19,MUMBAI_TO_DUBAI,2894,102.46
2024-09-20,MUMBAI_TO_DUBAI,3296,95.64
2024-09-21,MUMBAI_TO_DUBAI,3040,107.68
2024-09-22,MUMBAI_TO_DUBAI,3533,98.77
2024-09-23,MUMBAI_TO_DUBAI,3601,92.78
2024-09-24,MUMBAI_TO_DUBAI,3613,91.8
2024-09-25,MUMBAI_TO_DUBAI,2784,106.23
2024-09-26,MUMBAI_TO_DUBAI,2801,94.46
2024-09-27,MUMBAI_TO_DUBAI,3571,101.09
2024-09-28,MUMBAI_TO_DUBAI,3498,96.41
2024-09-29,MUMBAI_TO_DUBAI,3178,91.87
2024-09-30,MUMBAI_TO_DUBAI,3237,105.34
2024-10-01,MUMBAI_TO_DUBAI,3399,90.62
2024-10-02,MUMBAI_TO_DUBAI,2824,107.52
2024-10-03,MUMBAI_TO_DUBAI,2885,106.47
2024-10-04,MUMBAI_TO_DUBAI,2936,101.33
2024-10-05,MUMBAI_TO_DUBAI,3399,90.49
2024-10-06,MUMBAI_TO_DUBAI,3263,97.86
2024-10-07,MUMBAI_TO_DUBAI,3466,101.43
2024-10-08,MUMBAI_TO_DUBAI,2851,93.67
2024-10-09,MUMBAI_TO_DUBAI,3098,98.35
2024-10-10,MUMBAI_TO_DUBAI,2490,103.66
2024-10-11,MUMBAI_TO_DUBAI,2566,105.77
2024-10-12,MUMBAI_TO_DUBAI,2869,96.28
2024-10-13,MUMBAI_TO_DUBAI,2992,101.44
2024-10-14,MUMBAI_TO_DUBAI,3359,99.45
2024-10-15,MUMBAI_TO_DUBAI,3380,95.35
2024-10-16,MUMBAI_TO_DUBAI,2654,101.8
2024-10-17,MUMBAI_TO_DUBAI,2716,92.36
2024-10-18,MUMBAI_TO_DUBAI,2518,107.93
2024-10-19,MUMBAI_TO_DUBAI,3215,109.79
2024-10-20,MUMBAI_TO_DUBAI,2870,100.32
2024-10-21,MUMBAI_TO_DUBAI,2715,90.43
2024-10-22,MUMBAI_TO_DUBAI,2400,91.15
2024-10-23,MUMBAI_TO_DUBAI,3135,107.71
2024-10-24,MUMBAI_TO_DUBAI,2419,100.04
2024-10-25,MUMBAI_TO_DUBAI,3194,107.43
2024-10-26,MUMBAI_TO_DUBAI,3000,102.01
2024-10-27,MUMBAI_TO_DUBAI,3196,97.4
2024-10-28,MUMBAI_TO_DUBAI,3142,92.37
2024-10-29,MUMBAI_TO_DUBAI,2679,101.27
2024-10-30,MUMBAI_TO_DUBAI,2931,104.95
2024-10-31,MUMBAI_TO_DUBAI,2363,96.09
2024-11-01,MUMBAI_TO_DUBAI,2411,99.16
2024-11-02,MUMBAI_TO_DUBAI,2825,106.91
2024-11-03,MUMBAI_TO_DUBAI,2631,94.85
2024-11-04,MUMBAI_TO_DUBAI,2274,104.21
2024-11-05,MUMBAI_TO_DUBAI,2428,103.68
2024-11-06,MUMBAI_TO_DUBAI,3060,97.34
2024-11-07,MUMBAI_TO_DUBAI,2938,102.6
2024-11-08,MUMBAI_TO_DUBAI,2691,94.0
2024-11-09,MUMBAI_TO_DUBAI,3079,99.16
2024-11-10,MUMBAI_TO_DUBAI,2604,96.13
2024-11-11,MUMBAI_TO_DUBAI,2308,100.79
2024-11-12,MUMBAI_TO_DUBAI,2567,100.66
2024-11-13,MUMBAI_TO_DUBAI,2854,93.43
2024-11-14,MUMBAI_TO_DUBAI,2349,91.63
2024-11-15,MUMBAI_TO_DUBAI,2649,103.9
2024-11-16,MUMBAI_TO_DUBAI,3087,109.17
2024-11-17,MUMBAI_TO_DUBAI,2275,91.9
2024-11-18,MUMBAI_TO_DUBAI,2360,108.58
2024-11-19,MUMBAI_TO_DUBAI,2703,95.11
2024-11-20,MUMBAI_TO_DUBAI,2539,104.46
2024-11-21,MUMBAI_TO_DUBAI,2165,103.53
2024-11-22,MUMBAI_TO_DUBAI,2672,106.68
2024-11-23,MUMBAI_TO_DUBAI,2214,95.29
2024-11-24,MUMBAI_TO_DUBAI,2846,109.21
2024-11-25,MUMBAI_TO_DUBAI,2696,104.5
2024-11-26,MUMBAI_TO_DUBAI,2959,103.16
2024-11-27,MUMBAI_TO_DUBAI,2896,101.07
2024-11-28,MUMBAI_TO_DUBAI,2465,99.4
2024-11-29,MUMBAI_TO_DUBAI,2226,104.8
2024-11-30,MUMBAI_TO_DUBAI,2542,90.11
2024-12-01,MUMBAI_TO_DUBAI,2312,94.91
2024-12-02,MUMBAI_TO_DUBAI,2639,96.47
2024-12-03,MUMBAI_TO_DUBAI,2718,101.9
2024-12-04,MUMBAI_TO_DUBAI,2319,96.54
2024-12-05,MUMBAI_TO_DUBAI,2751,90.7
2024-12-06,MUMBAI_TO_DUBAI,2380,108.67
2024-12-07,MUMBAI_TO_DUBAI,2598,99.55
2024-12-08,MUMBAI_TO_DUBAI,2456,106.16
2024-12-09,MUMBAI_TO_DUBAI,2150,99.15
2024-12-10,MUMBAI_TO_DUBAI,2968,109.33
2024-12-11,MUMBAI_TO_DUBAI,2011,94.71
2024-12-12,MUMBAI_TO_DUBAI,2657,108.81
2024-12-13,MUMBAI_TO_DUBAI,2025,103.05
2024-12-14,MUMBAI_TO_DUBAI,2717,92.82
2024-12-15,MUMBAI_TO_DUBAI,2080,94.87
2024-12-16,MUMBAI_TO_DUBAI,2661,90.12
2024-12-17,MUMBAI_TO_DUBAI,2336,105.22
2024-12-18,MUMBAI_TO_DUBAI,2533,98.98
2024-12-19,MUMBAI_TO_DUBAI,2180,92.87
2024-12-20,MUMBAI_TO_DUBAI,2635,103.51
2024-12-21,MUMBAI_TO_DUBAI,2836,105.43
2024-12-22,MUMBAI_TO_DUBAI,2686,93.76
2024-12-23,MUMBAI_TO_DUBAI,2692,107.25
2024-12-24,MUMBAI_TO_DUBAI,2353,105.8
2024-12-25,MUMBAI_TO_DUBAI,2551,94.79
2024-12-26,MUMBAI_TO_DUBAI,2570,100.92
2024-12-27,MUMBAI_TO_DUBAI,2402,107.66
2024-12-28,MUMBAI_TO_DUBAI,2606,99.94
2024-12-29,MUMBAI_TO_DUBAI,2299,92.51
2024-12-30,MUMBAI_TO_DUBAI,2701,101.04
2024-12-31,MUMBAI_TO_DUBAI,1907,105.89
2025-01-01,MUMBAI_TO_DUBAI,3048,104.83
2025-01-02,MUMBAI_TO_DUBAI,2658,107.16
2025-01-03,MUMBAI_TO_DUBAI,2869,91.11
2025-01-04,MUMBAI_TO_DUBAI,2307,107.16
2025-01-05,MUMBAI_TO_DUBAI,3026,105.5
2025-01-06,MUMBAI_TO_DUBAI,2880,97.06
2025-01-07,MUMBAI_TO_DUBAI,2534,93.17
2025-01-08,MUMBAI_TO_DUBAI,2906,99.92
2025-01-09,MUMBAI_TO_DUBAI,2398,102.23
2025-01-10,MUMBAI_TO_DUBAI,2898,96.8
2025-01-11,MUMBAI_TO_DUBAI,2054,102.9
2025-01-12,MUMBAI_TO_DUBAI,2456,106.3
2025-01-13,MUMBAI_TO_DUBAI,2435,109.43
2025-01-14,MUMBAI_TO_DUBAI,2676,90.28
2025-01-15,MUMBAI_TO_DUBAI,2021,101.43
2025-01-16,MUMBAI_TO_DUBAI,3016,95.85
2025-01-17,MUMBAI_TO_DUBAI,3010,107.77
2025-01-18,MUMBAI_TO_DUBAI,2974,93.51
2025-01-19,MUMBAI_TO_DUBAI,2158,103.12
2025-01-20,MUMBAI_TO_DUBAI,2066,108.42
2025-01-21,MUMBAI_TO_DUBAI,2020,92.82
2025-01-22,MUMBAI_TO_DUBAI,2505,102.46
2025-01-23,MUMBAI_TO_DUBAI,2464,104.94
2025-01-24,MUMBAI_TO_DUBAI,3050,107.37
2025-01-25,MUMBAI_TO_DUBAI,2778,105.63
2025-01-26,MUMBAI_TO_DUBAI,2672,100.59
2025-01-27,MUMBAI_TO_DUBAI,2649,94.2
2025-01-28,MUMBAI_TO_DUBAI,2558,108.54
2025-01-29,MUMBAI_TO_DUBAI,2319,106.25
2025-01-30,MUMBAI_TO_DUBAI,2184,107.18
2025-01-31,MUMBAI_TO_DUBAI,2775,106.27
2025-02-01,MUMBAI_TO_DUBAI,2503,109.33
2025-02-02,MUMBAI_TO_DUBAI,2700,97.35
2025-02-03,MUMBAI_TO_DUBAI,2248,104.67
2025-02-04,MUMBAI_TO_DUBAI,2761,99.07
2025-02-05,MUMBAI_TO_DUBAI,2287,94.15
2025-02-06,MUMBAI_TO_DUBAI,2607,109.76
2025-02-07,MUMBAI_TO_DUBAI,2294,104.25
2025-02-08,MUMBAI_TO_DUBAI,2252,97.09
2025-02-09,MUMBAI_TO_DUBAI,2803,96.11
2025-02-10,MUMBAI_TO_DUBAI,3052,109.29
2025-02-11,MUMBAI_TO_DUBAI,2868,98.78
2025-02-12,MUMBAI_TO_DUBAI,2887,98.3
2025-02-13,MUMBAI_TO_DUBAI,3012,97.1
2025-02-14,MUMBAI_TO_DUBAI,3122,92.66
2025-02-15,MUMBAI_TO_DUBAI,2454,99.36
2025-02-16,MUMBAI_TO_DUBAI,2393,100.76
2025-02-17,MUMBAI_TO_DUBAI,2134,100.48
2025-02-18,MUMBAI_TO_DUBAI,2508,97.78
2025-02-19,MUMBAI_TO_DUBAI,2753,94.25
2025-02-20,MUMBAI_TO_DUBAI,2274,98.42
2025-02-21,MUMBAI_TO_DUBAI,2811,98.13
2025-02-22,MUMBAI_TO_DUBAI,2181,93.03
2025-02-23,MUMBAI_TO_DUBAI,2184,102.88
2025-02-24,MUMBAI_TO_DUBAI,2742,104.78
2025-02-25,MUMBAI_TO_DUBAI,3172,92.22
2025-02-26,MUMBAI_TO_DUBAI,2983,93.86
2025-02-27,MUMBAI_TO_DUBAI,3021,90.14
2025-02-28,MUMBAI_TO_DUBAI,2950,95.79
2025-03-01,MUMBAI_TO_DUBAI,2512,93.71
2025-03-02,MUMBAI_TO_DUBAI,2655,97.09
2025-03-03,MUMBAI_TO_DUBAI,2603,94.2
2025-03-04,MUMBAI_TO_DUBAI,2889,99.68
2025-03-05,MUMBAI_TO_DUBAI,2397,92.8
2025-03-06,MUMBAI_TO_DUBAI,3158,97.0
2025-03-07,MUMBAI_TO_DUBAI,2609,103.11
2025-03-08,MUMBAI_TO_DUBAI,2295,108.37
2025-03-09,MUMBAI_TO_DUBAI,2352,92.7
2025-03-10,MUMBAI_TO_DUBAI,2480,106.54
2025-03-11,MUMBAI_TO_DUBAI,2322,108.14
2025-03-12,MUMBAI_TO_DUBAI,2671,102.66
2025-03-13,MUMBAI_TO_DUBAI,3339,97.17
2025-03-14,MUMBAI_TO_DUBAI,2888,104.09
2025-03-15,MUMBAI_TO_DUBAI,2856,98.95
2025-03-16,MUMBAI_TO_DUBAI,3026,95.1
2025-03-17,MUMBAI_TO_DUBAI,2828,92.28
2025-03-18,MUMBAI_TO_DUBAI,2420,101.42
2025-03-19,MUMBAI_TO_DUBAI,2545,97.89
2025-03-20,MUMBAI_TO_DUBAI,2580,97.93
2025-03-21,MUMBAI_TO_DUBAI,3420,105.82
2025-03-22,MUMBAI_TO_DUBAI,3120,105.1
2025-03-23,MUMBAI_TO_DUBAI,2833,95.09
2025-03-24,MUMBAI_TO_DUBAI,2620,106.06
2025-03-25,MUMBAI_TO_DUBAI,2940,90.49
2025-03-26,MUMBAI_TO_DUBAI,3506,107.56
2025-03-27,MUMBAI_TO_DUBAI,3118,91.93
2025-03-28,MUMBAI_TO_DUBAI,3186,91.15
2025-03-29,MUMBAI_TO_DUBAI,3218,101.73
2025-03-30,MUMBAI_TO_DUBAI,2561,91.06
2025-03-31,MUMBAI_TO_DUBAI,3079,103.3
2025-04-01,MUMBAI_TO_DUBAI,3383,92.63
2025-04-02,MUMBAI_TO_DUBAI,2808,106.24
2025-04-03,MUMBAI_TO_DUBAI,2645,103.39
2025-04-04,MUMBAI_TO_DUBAI,2752,91.55
2025-04-05,MUMBAI_TO_DUBAI,3370,102.85
2025-04-06,MUMBAI_TO_DUBAI,2938,101.75
2025-04-07,MUMBAI_TO_DUBAI,2786,102.12
2025-04-08,MUMBAI_TO_DUBAI,3134,90.76
2025-04-09,MUMBAI_TO_DUBAI,2655,106.75
2025-04-10,MUMBAI_TO_DUBAI,2920,92.04
2025-04-11,MUMBAI_TO_DUBAI,3335,95.13
2025-04-12,MUMBAI_TO_DUBAI,3324,95.23
2025-04-13,MUMBAI_TO_DUBAI,3166,96.7
2025-04-14,MUMBAI_TO_DUBAI,3559,97.63
2025-04-15,MUMBAI_TO_DUBAI,2838,98.92
2025-04-16,MUMBAI_TO_DUBAI,3003,106.75
2025-04-17,MUMBAI_TO_DUBAI,3025,91.83
2025-04-18,MUMBAI_TO_DUBAI,2896,103.59
2025-04-19,MUMBAI_TO_DUBAI,2970,90.85
2025-04-20,MUMBAI_TO_DUBAI,3338,98.39
2025-04-21,MUMBAI_TO_DUBAI,3297,107.92
2025-04-22,MUMBAI_TO_DUBAI,2767,100.03
2025-04-23,MUMBAI_TO_DUBAI,3626,101.66
2025-04-24,MUMBAI_TO_DUBAI,3059,91.8
2025-04-25,MUMBAI_TO_DUBAI,3367,92.49
2025-04-26,MUMBAI_TO_DUBAI,3622,101.48
2025-04-27,MUMBAI_TO_DUBAI,3721,93.69
2025-04-28,MUMBAI_TO_DUBAI,3395,101.64
2025-04-29,MUMBAI_TO_DUBAI,3316,107.58
2025-04-30,MUMBAI_TO_DUBAI,3614,97.29
2025-05-01,MUMBAI_TO_DUBAI,3605,104.74
2025-05-02,MUMBAI_TO_DUBAI,3263,104.2
2025-05-03,MUMBAI_TO_DUBAI,3735,91.53
2025-05-04,MUMBAI_TO_DUBAI,3472,107.14
2025-05-05,MUMBAI_TO_DUBAI,3800,97.62
2025-05-06,MUMBAI_TO_DUBAI,3509,102.76
2025-05-07,MUMBAI_TO_DUBAI,3934,93.21
2025-05-08,MUMBAI_TO_DUBAI,3157,98.63
2025-05-09,MUMBAI_TO_DUBAI,3450,94.96
2025-05-10,MUMBAI_TO_DUBAI,3078,93.1
2025-05-11,MUMBAI_TO_DUBAI,3033,92.96
2025-05-12,MUMBAI_TO_DUBAI,3068,96.18
2025-05-13,MUMBAI_TO_DUBAI,3690,94.89
2025-05-14,MUMBAI_TO_DUBAI,3843,100.47
2025-05-15,MUMBAI_TO_DUBAI,4018,105.09
2025-05-16,MUMBAI_TO_DUBAI,3210,103.53
2025-05-17,MUMBAI_TO_DUBAI,3673,93.68
2025-05-18,MUMBAI_TO_DUBAI,4035,98.69
2025-05-19,MUMBAI_TO_DUBAI,3249,91.68
2025-05-20,MUMBAI_TO_DUBAI,3548,101.87
2025-05-21,MUMBAI_TO_DUBAI,3173,95.29
2025-05-22,MUMBAI_TO_DUBAI,3223,107.08
2025-05-23,MUMBAI_TO_DUBAI,3608,97.98
2025-05-24,MUMBAI_TO_DUBAI,3798,94.05
2025-05-25,MUMBAI_TO_DUBAI,4007,109.14
2025-05-26,MUMBAI_TO_DUBAI,3940,97.13
2025-05-27,MUMBAI_TO_DUBAI,3475,92.38
2025-05-28,MUMBAI_TO_DUBAI,3304,97.81
2025-05-29,MUMBAI_TO_DUBAI,3835,99.97
2025-05-30,MUMBAI_TO_DUBAI,3888,108.07
2025-05-31,MUMBAI_TO_DUBAI,3402,103.15
2025-06-01,MUMBAI_TO_DUBAI,4012,100.96
2025-06-02,MUMBAI_TO_DUBAI,3377,95.35
2025-06-03,MUMBAI_TO_DUBAI,4132,92.84
2025-06-04,MUMBAI_TO_DUBAI,3658,94.33
2025-06-05,MUMBAI_TO_DUBAI,3396,103.76
2025-06-06,MUMBAI_TO_DUBAI,4019,91.66
2025-06-07,MUMBAI_TO_DUBAI,3986,95.29
2025-06-08,MUMBAI_TO_DUBAI,4184,98.02
2025-06-09,MUMBAI_TO_DUBAI,3308,100.86
2025-06-10,MUMBAI_TO_DUBAI,3441,105.85
2025-06-11,MUMBAI_TO_DUBAI,3246,97.47
2025-06-12,MUMBAI_TO_DUBAI,3994,96.23
2025-06-13,MUMBAI_TO_DUBAI,4044,95.14
2025-06-14,MUMBAI_TO_DUBAI,3361,93.58
2025-06-15,MUMBAI_TO_DUBAI,3383,106.89
2025-06-16,MUMBAI_TO_DUBAI,3463,99.75
2025-06-17,MUMBAI_TO_DUBAI,4085,107.37
2025-06-18,MUMBAI_TO_DUBAI,3730,96.02
2025-06-19,MUMBAI_TO_DUBAI,4250,91.19
2025-06-20,MUMBAI_TO_DUBAI,3295,105.05
2025-06-21,MUMBAI_TO_DUBAI,3385,100.06
2025-06-22,MUMBAI_TO_DUBAI,3634,92.55
2025-06-23,MUMBAI_TO_DUBAI,3278,92.1
2025-06-24,MUMBAI_TO_DUBAI,3268,107.24
2025-06-25,MUMBAI_TO_DUBAI,3906,102.64
2025-06-26,MUMBAI_TO_DUBAI,4173,98.86
2025-06-27,MUMBAI_TO_DUBAI,3847,94.98
2025-06-28,MUMBAI_TO_DUBAI,3985,99.56
2025-06-29,MUMBAI_TO_DUBAI,4077,90.45
2025-06-30,MUMBAI_TO_DUBAI,3847,107.02
2025-07-01,MUMBAI_TO_DUBAI,3264,92.78
2025-07-02,MUMBAI_TO_DUBAI,4087,102.11
2025-07-03,MUMBAI_TO_DUBAI,3801,100.47
2025-07-04,MUMBAI_TO_DUBAI,4248,106.7
2025-07-05,MUMBAI_TO_DUBAI,3791,90.2
2025-07-06,MUMBAI_TO_DUBAI,3437,102.15
2025-07-07,MUMBAI_TO_DUBAI,3282,99.09
2025-07-08,MUMBAI_TO_DUBAI,3335,91.13
2025-07-09,MUMBAI_TO_DUBAI,3535,104.52
2025-07-10,MUMBAI_TO_DUBAI,3767,104.7
2025-07-11,MUMBAI_TO_DUBAI,4177,101.48
2025-07-12,MUMBAI_TO_DUBAI,4014,91.29
2025-07-13,MUMBAI_TO_DUBAI,3930,99.0
2025-07-14,MUMBAI_TO_DUBAI,3903,95.5
2025-07-15,MUMBAI_TO_DUBAI,3492,101.69
2025-07-16,MUMBAI_TO_DUBAI,3735,103.12
2025-07-17,MUMBAI_TO_DUBAI,3938,108.62
2025-07-18,MUMBAI_TO_DUBAI,3352,106.44
2025-07-19,MUMBAI_TO_DUBAI,3718,92.22
2025-07-20,MUMBAI_TO_DUBAI,4048,107.8
2025-07-21,MUMBAI_TO_DUBAI,3317,90.68
2025-07-22,MUMBAI_TO_DUBAI,3429,107.33
2025-07-23,MUMBAI_TO_DUBAI,3357,92.67
2025-07-24,MUMBAI_TO_DUBAI,3467,101.51
2025-07-25,MUMBAI_TO_DUBAI,3877,91.1
2025-07-26,MUMBAI_TO_DUBAI,4241,100.71
2025-07-27,MUMBAI_TO_DUBAI,3357,98.44
2025-07-28,MUMBAI_TO_DUBAI,3889,99.26
2025-07-29,MUMBAI_TO_DUBAI,4027,95.03
2025-07-30,MUMBAI_TO_DUBAI,3712,103.12
2025-07-31,MUMBAI_TO_DUBAI,3979,97.67
2025-08-01,MUMBAI_TO_DUBAI,3446,94.21
2025-08-02,MUMBAI_TO_DUBAI,3908,101.68
2025-08-03,MUMBAI_TO_DUBAI,3667,106.08
2025-08-04,MUMBAI_TO_DUBAI,3543,93.81
2025-08-05,MUMBAI_TO_DUBAI,4043,93.44
2025-08-06,MUMBAI_TO_DUBAI,4076,103.01
2025-08-07,MUMBAI_TO_DUBAI,4215,90.89
2025-08-08,MUMBAI_TO_DUBAI,3759,94.36
2025-08-09,MUMBAI_TO_DUBAI,3882,106.16
2025-08-10,MUMBAI_TO_DUBAI,4143,106.14
2025-08-11,MUMBAI_TO_DUBAI,4089,94.7
2025-08-12,MUMBAI_TO_DUBAI,3250,96.85
2025-08-13,MUMBAI_TO_DUBAI,3985,101.73
2025-08-14,MUMBAI_TO_DUBAI,3361,97.11
2025-08-15,MUMBAI_TO_DUBAI,3806,92.17
2025-08-16,MUMBAI_TO_DUBAI,3503,95.68
2025-08-17,MUMBAI_TO_DUBAI,3391,105.2
2025-08-18,MUMBAI_TO_DUBAI,3599,96.07
2025-08-19,MUMBAI_TO_DUBAI,3658,94.12
2025-08-20,MUMBAI_TO_DUBAI,3620,103.42
2025-08-21,MUMBAI_TO_DUBAI,3351,91.16
2025-08-22,MUMBAI_TO_DUBAI,3443,105.08
2025-08-23,MUMBAI_TO_DUBAI,3703,108.52
2025-08-24,MUMBAI_TO_DUBAI,3429,102.44
2025-08-25,MUMBAI_TO_DUBAI,3082,97.08
2025-08-26,MUMBAI_TO_DUBAI,3858,99.81
2025-08-27,MUMBAI_TO_DUBAI,3852,104.24
2025-08-28,MUMBAI_TO_DUBAI,3264,90.63
2025-08-29,MUMBAI_TO_DUBAI,3735,95.69
2025-08-30,MUMBAI_TO_DUBAI,3752,93.92
2025-08-31,MUMBAI_TO_DUBAI,3979,91.03
2025-09-01,MUMBAI_TO_DUBAI,3932,94.24
2025-09-02,MUMBAI_TO_DUBAI,3134,98.18
2025-09-03,MUMBAI_TO_DUBAI,3279,102.92
2025-09-04,MUMBAI_TO_DUBAI,3968,100.82
2025-09-05,MUMBAI_TO_DUBAI,3824,97.01
2025-09-06,MUMBAI_TO_DUBAI,3918,98.08
2025-09-07,MUMBAI_TO_DUBAI,3553,102.96
2025-09-08,MUMBAI_TO_DUBAI,3349,102.9
2025-09-09,MUMBAI_TO_DUBAI,3787,100.55
2025-09-10,MUMBAI_TO_DUBAI,3915,91.12
2025-09-11,MUMBAI_TO_DUBAI,3448,102.72
2025-09-12,MUMBAI_TO_DUBAI,3194,103.11
2025-09-13,MUMBAI_TO_DUBAI,3779,106.48
2025-09-14,MUMBAI_TO_DUBAI,3335,109.44
2025-09-15,MUMBAI_TO_DUBAI,3020,92.34
2025-09-16,MUMBAI_TO_DUBAI,3288,108.61
2025-09-17,MUMBAI_TO_DUBAI,3460,109.37
2025-09-18,MUMBAI_TO_DUBAI,3667,98.86
2025-09-19,MUMBAI_TO_DUBAI,3845,99.28
2025-09-20,MUMBAI_TO_DUBAI,3330,106.08
2025-09-21,MUMBAI_TO_DUBAI,3286,94.76
2025-09-22,MUMBAI_TO_DUBAI,3693,93.91
2025-09-23,MUMBAI_TO_DUBAI,3503,99.27
2025-09-24,MUMBAI_TO_DUBAI,3646,92.69
2025-09-25,MUMBAI_TO_DUBAI,3548,95.81
2025-09-26,MUMBAI_TO_DUBAI,2857,103.68
2025-09-27,MUMBAI_TO_DUBAI,3664,109.37
2025-09-28,MUMBAI_TO_DUBAI,3284,98.01
2025-09-29,MUMBAI_TO_DUBAI,3380,109.5
2025-09-30,MUMBAI_TO_DUBAI,3404,99.44
2025-10-01,MUMBAI_TO_DUBAI,3048,107.76
2025-10-02,MUMBAI_TO_DUBAI,2957,105.44
2025-10-03,MUMBAI_TO_DUBAI,3474,94.75
2025-10-04,MUMBAI_TO_DUBAI,2779,98.36
2025-10-05,MUMBAI_TO_DUBAI,3177,94.04
2025-10-06,MUMBAI_TO_DUBAI,3010,102.59
2025-10-07,MUMBAI_TO_DUBAI,2896,94.26
2025-10-08,MUMBAI_TO_DUBAI,2724,92.68
2025-10-09,MUMBAI_TO_DUBAI,3039,103.33
2025-10-10,MUMBAI_TO_DUBAI,2622,103.98
2025-10-11,MUMBAI_TO_DUBAI,2697,108.99
2025-10-12,MUMBAI_TO_DUBAI,2645,94.4
2025-10-13,MUMBAI_TO_DUBAI,2793,102.24
2025-10-14,MUMBAI_TO_DUBAI,2901,99.7
2025-10-15,MUMBAI_TO_DUBAI,3287,95.54
2025-10-16,MUMBAI_TO_DUBAI,2835,100.77
2025-10-17,MUMBAI_TO_DUBAI,3100,92.87
2025-10-18,MUMBAI_TO_DUBAI,2854,104.38
2025-10-19,MUMBAI_TO_DUBAI,2706,100.97
2025-10-20,MUMBAI_TO_DUBAI,3389,103.96
2025-10-21,MUMBAI_TO_DUBAI,2881,107.39
2025-10-22,MUMBAI_TO_DUBAI,2968,97.68
2025-10-23,MUMBAI_TO_DUBAI,3125,105.87
2025-10-24,MUMBAI_TO_DUBAI,2996,107.94
2025-10-25,MUMBAI_TO_DUBAI,2847,90.48
2025-10-26,MUMBAI_TO_DUBAI,2488,98.06
2025-10-27,MUMBAI_TO_DUBAI,2498,101.5
2025-10-28,MUMBAI_TO_DUBAI,3448,98.86
2025-10-29,MUMBAI_TO_DUBAI,2876,97.64
2025-10-30,MUMBAI_TO_DUBAI,2509,91.88
2025-10-31,MUMBAI_TO_DUBAI,3230,104.78
2025-11-01,MUMBAI_TO_DUBAI,3131,100.49
2025-11-02,MUMBAI_TO_DUBAI,3263,95.57
2025-11-03,MUMBAI_TO_DUBAI,2780,104.71
2025-11-04,MUMBAI_TO_DUBAI,2816,92.18
2025-11-05,MUMBAI_TO_DUBAI,3339,105.18
2025-11-06,MUMBAI_TO_DUBAI,2806,108.04
2025-11-07,MUMBAI_TO_DUBAI,2593,105.01
2025-11-08,MUMBAI_TO_DUBAI,3218,92.04
2025-11-09,MUMBAI_TO_DUBAI,2322,93.48
2025-11-10,MUMBAI_TO_DUBAI,2574,96.69
2025-11-11,MUMBAI_TO_DUBAI,3325,92.36
2025-11-12,MUMBAI_TO_DUBAI,2585,100.93
2025-11-13,MUMBAI_TO_DUBAI,2780,105.84
2025-11-14,MUMBAI_TO_DUBAI,2908,96.73
2025-11-15,MUMBAI_TO_DUBAI,2298,109.02
2025-11-16,MUMBAI_TO_DUBAI,2494,102.46
2025-11-17,MUMBAI_TO_DUBAI,2554,93.68
2025-11-18,MUMBAI_TO_DUBAI,3053,93.58
2025-11-19,MUMBAI_TO_DUBAI,2807,99.57
2025-11-20,MUMBAI_TO_DUBAI,2345,90.2
2025-11-21,MUMBAI_TO_DUBAI,2735,92.89
2025-11-22,MUMBAI_TO_DUBAI,3142,97.39
2025-11-23,MUMBAI_TO_DUBAI,3054,93.95
2025-11-24,MUMBAI_TO_DUBAI,2763,90.15
2025-11-25,MUMBAI_TO_DUBAI,2970,106.03
2025-11-26,MUMBAI_TO_DUBAI,2499,102.81
2025-11-27,MUMBAI_TO_DUBAI,2374,91.66
2025-11-28,MUMBAI_TO_DUBAI,2654,94.87
2025-11-29,MUMBAI_TO_DUBAI,2406,93.52
2025-11-30,MUMBAI_TO_DUBAI,2840,92.98
2025-12-01,MUMBAI_TO_DUBAI,2435,102.58
2025-12-02,MUMBAI_TO_DUBAI,2634,93.7
2025-12-03,MUMBAI_TO_DUBAI,2213,105.24
2025-12-04,MUMBAI_TO_DUBAI,2958,105.9
2025-12-05,MUMBAI_TO_DUBAI,2556,109.33
2025-12-06,MUMBAI_TO_DUBAI,2884,93.6
2025-12-07,MUMBAI_TO_DUBAI,2718,99.54
2025-12-08,MUMBAI_TO_DUBAI,2632,99.24
2025-12-09,MUMBAI_TO_DUBAI,2271,105.92
2025-12-10,MUMBAI_TO_DUBAI,2506,99.94
2025-12-11,MUMBAI_TO_DUBAI,2358,94.07
2025-12-12,MUMBAI_TO_DUBAI,3027,97.21
2025-12-13,MUMBAI_TO_DUBAI,2268,102.25
2025-12-14,MUMBAI_TO_DUBAI,2223,103.17
2025-12-15,MUMBAI_TO_DUBAI,2848,93.85
2025-12-16,MUMBAI_TO_DUBAI,2303,96.39
2025-12-17,MUMBAI_TO_DUBAI,2436,99.95
2025-12-18,MUMBAI_TO_DUBAI,2208,91.65
2025-12-19,MUMBAI_TO_DUBAI,2293,103.93
2025-12-20,MUMBAI_TO_DUBAI,2588,109.37
2025-12-21,MUMBAI_TO_DUBAI,2423,103.3
2025-12-22,MUMBAI_TO_DUBAI,2878,104.27
2025-12-23,MUMBAI_TO_DUBAI,2393,108.21
2025-12-24,MUMBAI_TO_DUBAI,2535,94.07
2025-12-25,MUMBAI_TO_DUBAI,2068,108.94
2025-12-26,MUMBAI_TO_DUBAI,2888,107.63
2025-12-27,MUMBAI_TO_DUBAI,2769,93.65
2025-12-28,MUMBAI_TO_DUBAI,2363,107.73
2025-12-29,MUMBAI_TO_DUBAI,2756,104.18
2025-12-30,MUMBAI_TO_DUBAI,2730,98.78
2025-12-31,MUMBAI_TO_DUBAI,2245,94.96
2026-01-01,MUMBAI_TO_DUBAI,2666,104.63
2026-01-02,MUMBAI_TO_DUBAI,2493,92.61
2026-01-03,MUMBAI_TO_DUBAI,2121,109.13
2026-01-04,MUMBAI_TO_DUBAI,2633,94.63
2026-01-05,MUMBAI_TO_DUBAI,2376,103.07
2026-01-06,MUMBAI_TO_DUBAI,3015,98.55
2026-01-07,MUMBAI_TO_DUBAI,2419,109.56
2026-01-08,MUMBAI_TO_DUBAI,2306,97.32
2026-01-09,MUMBAI_TO_DUBAI,2290,106.55
2026-01-10,MUMBAI_TO_DUBAI,2498,91.38
2026-01-11,MUMBAI_TO_DUBAI,2236,95.39
2026-01-12,MUMBAI_TO_DUBAI,2828,100.05
2026-01-13,MUMBAI_TO_DUBAI,2499,96.28
2026-01-14,MUMBAI_TO_DUBAI,2223,95.84
2026-01-15,MUMBAI_TO_DUBAI,2595,102.17
2026-01-16,MUMBAI_TO_DUBAI,2622,109.96
2026-01-17,MUMBAI_TO_DUBAI,2725,92.85
2026-01-18,MUMBAI_TO_DUBAI,2214,102.45
2026-01-19,MUMBAI_TO_DUBAI,2467,106.5
2026-01-20,MUMBAI_TO_DUBAI,2671,100.35
2026-01-21,MUMBAI_TO_DUBAI,2780,99.07
2026-01-22,MUMBAI_TO_DUBAI,2881,95.33
2026-01-23,MUMBAI_TO_DUBAI,2477,91.0
2026-01-24,MUMBAI_TO_DUBAI,3027,99.4
2026-01-25,MUMBAI_TO_DUBAI,2283,100.61
2026-01-26,MUMBAI_TO_DUBAI,2043,103.86
2026-01-27,MUMBAI_TO_DUBAI,2166,94.27
2026-01-28,MUMBAI_TO_DUBAI,2562,98.72
2026-01-29,MUMBAI_TO_DUBAI,2218,93.39
2026-01-30,MUMBAI_TO_DUBAI,2675,97.26
2026-01-31,MUMBAI_TO_DUBAI,2445,108.84
2026-02-01,MUMBAI_TO_DUBAI,2999,98.83
2024-01-01,ROTTERDAM_TO_NY,3681,92.68
2024-01-02,ROTTERDAM_TO_NY,4401,100.65
2024-01-03,ROTTERDAM_TO_NY,3812,94.76
2024-01-04,ROTTERDAM_TO_NY,4356,101.25
2024-01-05,ROTTERDAM_TO_NY,4380,103.81
2024-01-06,ROTTERDAM_TO_NY,4455,107.69
2024-01-07,ROTTERDAM_TO_NY,3814,93.21
2024-01-08,ROTTERDAM_TO_NY,4310,97.71
2024-01-09,ROTTERDAM_TO_NY,3579,105.13
2024-01-10,ROTTERDAM_TO_NY,4202,98.44
2024-01-11,ROTTERDAM_TO_NY,4483,94.33
2024-01-12,ROTTERDAM_TO_NY,3711,109.39
2024-01-13,ROTTERDAM_TO_NY,4388,103.59
2024-01-14,ROTTERDAM_TO_NY,4197,94.67
2024-01-15,ROTTERDAM_TO_NY,3590,94.9
2024-01-16,ROTTERDAM_TO_NY,4175,90.87
2024-01-17,ROTTERDAM_TO_NY,4477,104.32
2024-01-18,ROTTERDAM_TO_NY,3584,105.85
2024-01-19,ROTTERDAM_TO_NY,4481,108.14
2024-01-20,ROTTERDAM_TO_NY,3543,100.32
2024-01-21,ROTTERDAM_TO_NY,3706,100.48
2024-01-22,ROTTERDAM_TO_NY,4487,104.29
2024-01-23,ROTTERDAM_TO_NY,4117,91.51
2024-01-24,ROTTERDAM_TO_NY,3992,105.36
2024-01-25,ROTTERDAM_TO_NY,3657,95.76
2024-01-26,ROTTERDAM_TO_NY,4405,93.31
2024-01-27,ROTTERDAM_TO_NY,3978,102.02
2024-01-28,ROTTERDAM_TO_NY,4394,102.53
2024-01-29,ROTTERDAM_TO_NY,4172,94.98
2024-01-30,ROTTERDAM_TO_NY,4120,107.67
2024-01-31,ROTTERDAM_TO_NY,3696,92.04
2024-02-01,ROTTERDAM_TO_NY,4339,103.17
2024-02-02,ROTTERDAM_TO_NY,4507,91.26
2024-02-03,ROTTERDAM_TO_NY,3953,106.6
2024-02-04,ROTTERDAM_TO_NY,3730,109.97
2024-02-05,ROTTERDAM_TO_NY,4021,103.8
2024-02-06,ROTTERDAM_TO_NY,3804,103.51
2024-02-07,ROTTERDAM_TO_NY,3790,96.73
2024-02-08,ROTTERDAM_TO_NY,4365,103.41
2024-02-09,ROTTERDAM_TO_NY,4332,100.6
2024-02-10,ROTTERDAM_TO_NY,4400,102.07
2024-02-11,ROTTERDAM_TO_NY,4001,90.1
2024-02-12,ROTTERDAM_TO_NY,3769,106.28
2024-02-13,ROTTERDAM_TO_NY,4650,105.33
2024-02-14,ROTTERDAM_TO_NY,3959,101.25
2024-02-15,ROTTERDAM_TO_NY,4424,99.22
2024-02-16,ROTTERDAM_TO_NY,4385,103.74
2024-02-17,ROTTERDAM_TO_NY,4419,92.24
2024-02-18,ROTTERDAM_TO_NY,4394,108.38
2024-02-19,ROTTERDAM_TO_NY,4732,102.92
2024-02-20,ROTTERDAM_TO_NY,4695,96.29
2024-02-21,ROTTERDAM_TO_NY,3892,98.6
2024-02-22,ROTTERDAM_TO_NY,3894,93.05
2024-02-23,ROTTERDAM_TO_NY,4345,94.46
2024-02-24,ROTTERDAM_TO_NY,3867,108.95
2024-02-25,ROTTERDAM_TO_NY,4565,106.17
2024-02-26,ROTTERDAM_TO_NY,4117,105.13
2024-02-27,ROTTERDAM_TO_NY,4437,90.33
2024-02-28,ROTTERDAM_TO_NY,4388,105.05
2024-02-29,ROTTERDAM_TO_NY,4150,109.38
2024-03-01,ROTTERDAM_TO_NY,3938,98.67
2024-03-02,ROTTERDAM_TO_NY,4422,108.32
2024-03-03,ROTTERDAM_TO_NY,4008,90.7
2024-03-04,ROTTERDAM_TO_NY,3952,104.17
2024-03-05,ROTTERDAM_TO_NY,4214,98.66
2024-03-06,ROTTERDAM_TO_NY,4129,94.94
2024-03-07,ROTTERDAM_TO_NY,4653,102.51
2024-03-08,ROTTERDAM_TO_NY,4090,99.6
2024-03-09,ROTTERDAM_TO_NY,4551,96.93
2024-03-10,ROTTERDAM_TO_NY,4204,91.04
2024-03-11,ROTTERDAM_TO_NY,4155,104.16
2024-03-12,ROTTERDAM_TO_NY,4126,106.59
2024-03-13,ROTTERDAM_TO_NY,4711,103.15
2024-03-14,ROTTERDAM_TO_NY,4231,104.95
2024-03-15,ROTTERDAM_TO_NY,4779,93.02
2024-03-16,ROTTERDAM_TO_NY,4905,105.16
2024-03-17,ROTTERDAM_TO_NY,4800,101.71
2024-03-18,ROTTERDAM_TO_NY,4642,105.16
2024-03-19,ROTTERDAM_TO_NY,4912,92.94
2024-03-20,ROTTERDAM_TO_NY,4481,106.0
2024-03-21,ROTTERDAM_TO_NY,4773,94.57
2024-03-22,ROTTERDAM_TO_NY,4732,95.8
2024-03-23,ROTTERDAM_TO_NY,4709,107.45
2024-03-24,ROTTERDAM_TO_NY,5016,102.37
2024-03-25,ROTTERDAM_TO_NY,4650,101.29
2024-03-26,ROTTERDAM_TO_NY,4548,105.17
2024-03-27,ROTTERDAM_TO_NY,4607,94.6
2024-03-28,ROTTERDAM_TO_NY,4346,96.56
2024-03-29,ROTTERDAM_TO_NY,4384,94.0
2024-03-30,ROTTERDAM_TO_NY,4833,106.67
2024-03-31,ROTTERDAM_TO_NY,4699,92.04
2024-04-01,ROTTERDAM_TO_NY,4903,101.06
2024-04-02,ROTTERDAM_TO_NY,4624,101.48
2024-04-03,ROTTERDAM_TO_NY,5327,97.22
2024-04-04,ROTTERDAM_TO_NY,4931,97.98
2024-04-05,ROTTERDAM_TO_NY,4986,105.08
2024-04-06,ROTTERDAM_TO_NY,5416,96.09
2024-04-07,ROTTERDAM_TO_NY,4879,93.79
2024-04-08,ROTTERDAM_TO_NY,5425,99.34
2024-04-09,ROTTERDAM_TO_NY,4700,97.87
2024-04-10,ROTTERDAM_TO_NY,5251,101.7
2024-04-11,ROTTERDAM_TO_NY,5164,108.93
2024-04-12,ROTTERDAM_TO_NY,4997,93.21
2024-04-13,ROTTERDAM_TO_NY,4849,101.37
2024-04-14,ROTTERDAM_TO_NY,5221,109.49
2024-04-15,ROTTERDAM_TO_NY,4996,94.69
2024-04-16,ROTTERDAM_TO_NY,5175,90.67
2024-04-17,ROTTERDAM_TO_NY,5019,104.5
2024-04-18,ROTTERDAM_TO_NY,5156,92.89
2024-04-19,ROTTERDAM_TO_NY,4953,93.22
2024-04-20,ROTTERDAM_TO_NY,4968,96.55
2024-04-21,ROTTERDAM_TO_NY,4956,98.39
2024-04-22,ROTTERDAM_TO_NY,5330,90.17
2024-04-23,ROTTERDAM_TO_NY,5601,107.81
2024-04-24,ROTTERDAM_TO_NY,5041,104.89
2024-04-25,ROTTERDAM_TO_NY,5061,104.4
2024-04-26,ROTTERDAM_TO_NY,5737,105.64
2024-04-27,ROTTERDAM_TO_NY,5009,106.19
2024-04-28,ROTTERDAM_TO_NY,4845,100.88
2024-04-29,ROTTERDAM_TO_NY,5470,93.1
2024-04-30,ROTTERDAM_TO_NY,5509,90.83
2024-05-01,ROTTERDAM_TO_NY,5075,107.4
2024-05-02,ROTTERDAM_TO_NY,4972,93.0
2024-05-03,ROTTERDAM_TO_NY,5321,94.91
2024-05-04,ROTTERDAM_TO_NY,5129,107.43
2024-05-05,ROTTERDAM_TO_NY,5425,100.23
2024-05-06,ROTTERDAM_TO_NY,5776,104.05
2024-05-07,ROTTERDAM_TO_NY,5390,103.68
2024-05-08,ROTTERDAM_TO_NY,5932,104.11
2024-05-09,ROTTERDAM_TO_NY,5126,95.2
2024-05-10,ROTTERDAM_TO_NY,5280,108.6
2024-05-11,ROTTERDAM_TO_NY,5607,99.45
2024-05-12,ROTTERDAM_TO_NY,5511,105.23
2024-05-13,ROTTERDAM_TO_NY,5717,104.98
2024-05-14,ROTTERDAM_TO_NY,5258,97.44
2024-05-15,ROTTERDAM_TO_NY,5673,107.45
2024-05-16,ROTTERDAM_TO_NY,5233,104.62
2024-05-17,ROTTERDAM_TO_NY,5352,100.04
2024-05-18,ROTTERDAM_TO_NY,6108,108.37
2024-05-19,ROTTERDAM_TO_NY,6095,108.33
2024-05-20,ROTTERDAM_TO_NY,5373,104.76
2024-05-21,ROTTERDAM_TO_NY,5413,109.43
2024-05-22,ROTTERDAM_TO_NY,5628,108.36
2024-05-23,ROTTERDAM_TO_NY,5841,96.11
2024-05-24,ROTTERDAM_TO_NY,5653,93.88
2024-05-25,ROTTERDAM_TO_NY,5939,105.15
2024-05-26,ROTTERDAM_TO_NY,5790,102.1
2024-05-27,ROTTERDAM_TO_NY,6139,109.67
2024-05-28,ROTTERDAM_TO_NY,5843,106.38
2024-05-29,ROTTERDAM_TO_NY,6115,105.05
2024-05-30,ROTTERDAM_TO_NY,5681,98.1
2024-05-31,ROTTERDAM_TO_NY,5603,93.26
2024-06-01,ROTTERDAM_TO_NY,5376,97.27
2024-06-02,ROTTERDAM_TO_NY,5756,106.99
2024-06-03,ROTTERDAM_TO_NY,5483,106.39
2024-06-04,ROTTERDAM_TO_NY,5440,109.64
2024-06-05,ROTTERDAM_TO_NY,5420,91.63
2024-06-06,ROTTERDAM_TO_NY,5685,98.53
2024-06-07,ROTTERDAM_TO_NY,5949,101.2
2024-06-08,ROTTERDAM_TO_NY,5376,102.17
2024-06-09,ROTTERDAM_TO_NY,5412,92.47
2024-06-10,ROTTERDAM_TO_NY,5899,91.45
2024-06-11,ROTTERDAM_TO_NY,5569,106.9
2024-06-12,ROTTERDAM_TO_NY,6169,98.89
2024-06-13,ROTTERDAM_TO_NY,5737,94.86
2024-06-14,ROTTERDAM_TO_NY,5747,96.86
2024-06-15,ROTTERDAM_TO_NY,6113,104.24
2024-06-16,ROTTERDAM_TO_NY,5689,94.18
2024-06-17,ROTTERDAM_TO_NY,5557,97.91
2024-06-18,ROTTERDAM_TO_NY,5574,95.29
2024-06-19,ROTTERDAM_TO_NY,6043,104.53
2024-06-20,ROTTERDAM_TO_NY,5810,97.52
2024-06-21,ROTTERDAM_TO_NY,5466,100.16
2024-06-22,ROTTERDAM_TO_NY,6270,100.54
2024-06-23,ROTTERDAM_TO_NY,6315,91.26
2024-06-24,ROTTERDAM_TO_NY,5894,101.18
2024-06-25,ROTTERDAM_TO_NY,6285,95.3
2024-06-26,ROTTERDAM_TO_NY,6049,106.67
2024-06-27,ROTTERDAM_TO_NY,6128,108.63
2024-06-28,ROTTERDAM_TO_NY,6346,94.36
2024-06-29,ROTTERDAM_TO_NY,5749,94.27
2024-06-30,ROTTERDAM_TO_NY,6423,95.13
2024-07-01,ROTTERDAM_TO_NY,6367,93.84
2024-07-02,ROTTERDAM_TO_NY,6079,92.14
2024-07-03,ROTTERDAM_TO_NY,5981,100.54
2024-07-04,ROTTERDAM_TO_NY,5528,92.97
2024-07-05,ROTTERDAM_TO_NY,6289,108.68
2024-07-06,ROTTERDAM_TO_NY,5969,98.03
2024-07-07,ROTTERDAM_TO_NY,5804,92.82
2024-07-08,ROTTERDAM_TO_NY,5586,95.09
2024-07-09,ROTTERDAM_TO_NY,6247,93.18
2024-07-10,ROTTERDAM_TO_NY,5516,109.58
2024-07-11,ROTTERDAM_TO_NY,6125,109.73
2024-07-12,ROTTERDAM_TO_NY,6122,98.93
2024-07-13,ROTTERDAM_TO_NY,5709,97.38
2024-07-14,ROTTERDAM_TO_NY,5999,91.62
2024-07-15,ROTTERDAM_TO_NY,5585,107.63
2024-07-16,ROTTERDAM_TO_NY,5912,97.0
2024-07-17,ROTTERDAM_TO_NY,5717,103.65
2024-07-18,ROTTERDAM_TO_NY,6226,93.58
2024-07-19,ROTTERDAM_TO_NY,6216,99.2
2024-07-20,ROTTERDAM_TO_NY,6315,93.97
2024-07-21,ROTTERDAM_TO_NY,6280,94.66
2024-07-22,ROTTERDAM_TO_NY,5685,103.53
2024-07-23,ROTTERDAM_TO_NY,6382,109.54
2024-07-24,ROTTERDAM_TO_NY,6060,108.45
2024-07-25,ROTTERDAM_TO_NY,6233,109.2
2024-07-26,ROTTERDAM_TO_NY,6132,100.11
2024-07-27,ROTTERDAM_TO_NY,6051,94.53
2024-07-28,ROTTERDAM_TO_NY,6130,90.59
2024-07-29,ROTTERDAM_TO_NY,5969,108.27
2024-07-30,ROTTERDAM_TO_NY,5681,99.31
2024-07-31,ROTTERDAM_TO_NY,5496,102.34
2024-08-01,ROTTERDAM_TO_NY,5739,102.26
2024-08-02,ROTTERDAM_TO_NY,5681,107.8
2024-08-03,ROTTERDAM_TO_NY,5738,105.35
2024-08-04,ROTTERDAM_TO_NY,6196,96.66
2024-08-05,ROTTERDAM_TO_NY,6322,99.94
2024-08-06,ROTTERDAM_TO_NY,6090,97.29
2024-08-07,ROTTERDAM_TO_NY,6164,105.91
2024-08-08,ROTTERDAM_TO_NY,6141,99.44
2024-08-09,ROTTERDAM_TO_NY,6348,107.9
2024-08-10,ROTTERDAM_TO_NY,5570,99.42
2024-08-11,ROTTERDAM_TO_NY,5390,99.95
2024-08-12,ROTTERDAM_TO_NY,5652,92.92
2024-08-13,ROTTERDAM_TO_NY,5926,96.74
2024-08-14,ROTTERDAM_TO_NY,5454,91.61
2024-08-15,ROTTERDAM_TO_NY,5823,98.76
2024-08-16,ROTTERDAM_TO_NY,5743,94.48
2024-08-17,ROTTERDAM_TO_NY,6269,106.37
2024-08-18,ROTTERDAM_TO_NY,5650,93.32
2024-08-19,ROTTERDAM_TO_NY,5621,90.82
2024-08-20,ROTTERDAM_TO_NY,5942,91.02
2024-08-21,ROTTERDAM_TO_NY,5476,101.04
2024-08-22,ROTTERDAM_TO_NY,5682,104.27
2024-08-23,ROTTERDAM_TO_NY,5892,91.59
2024-08-24,ROTTERDAM_TO_NY,5575,100.97
2024-08-25,ROTTERDAM_TO_NY,5905,101.71
2024-08-26,ROTTERDAM_TO_NY,5310,104.67
2024-08-27,ROTTERDAM_TO_NY,5550,100.31
2024-08-28,ROTTERDAM_TO_NY,5723,103.93
2024-08-29,ROTTERDAM_TO_NY,5674,104.25
2024-08-30,ROTTERDAM_TO_NY,5465,106.24
2024-08-31,ROTTERDAM_TO_NY,5516,99.98
2024-09-01,ROTTERDAM_TO_NY,5781,96.14
2024-09-02,ROTTERDAM_TO_NY,5906,93.68
2024-09-03,ROTTERDAM_TO_NY,5432,100.08
2024-09-04,ROTTERDAM_TO_NY,5201,102.59
2024-09-05,ROTTERDAM_TO_NY,5570,98.7
2024-09-06,ROTTERDAM_TO_NY,5993,98.26
2024-09-07,ROTTERDAM_TO_NY,5753,93.7
2024-09-08,ROTTERDAM_TO_NY,5731,99.58
2024-09-09,ROTTERDAM_TO_NY,5357,90.05
2024-09-10,ROTTERDAM_TO_NY,5726,105.65
2024-09-11,ROTTERDAM_TO_NY,5555,105.85
2024-09-12,ROTTERDAM_TO_NY,5273,107.04
2024-09-13,ROTTERDAM_TO_NY,5765,92.17
2024-09-14,ROTTERDAM_TO_NY,5495,92.47
2024-09-15,ROTTERDAM_TO_NY,5404,95.9
2024-09-16,ROTTERDAM_TO_NY,5665,101.86
2024-09-17,ROTTERDAM_TO_NY,5593,91.42
2024-09-18,ROTTERDAM_TO_NY,5244,104.81
2024-09-19,ROTTERDAM_TO_NY,5348,91.28
2024-09-20,ROTTERDAM_TO_NY,5088,91.1
2024-09-21,ROTTERDAM_TO_NY,4983,105.19
2024-09-22,ROTTERDAM_TO_NY,5662,95.79
2024-09-23,ROTTERDAM_TO_NY,5248,93.07
2024-09-24,ROTTERDAM_TO_NY,4900,109.21
2024-09-25,ROTTERDAM_TO_NY,4774,101.67
2024-09-26,ROTTERDAM_TO_NY,5017,105.33
2024-09-27,ROTTERDAM_TO_NY,5055,92.3
2024-09-28,ROTTERDAM_TO_NY,5223,101.55
2024-09-29,ROTTERDAM_TO_NY,5388,100.08
2024-09-30,ROTTERDAM_TO_NY,5098,104.05
2024-10-01,ROTTERDAM_TO_NY,5239,92.61
2024-10-02,ROTTERDAM_TO_NY,4731,94.17
2024-10-03,ROTTERDAM_TO_NY,4825,105.89
2024-10-04,ROTTERDAM_TO_NY,5456,98.11
2024-10-05,ROTTERDAM_TO_NY,4846,103.0
2024-10-06,ROTTERDAM_TO_NY,4547,104.18
2024-10-07,ROTTERDAM_TO_NY,4939,101.14
2024-10-08,ROTTERDAM_TO_NY,4793,109.9
2024-10-09,ROTTERDAM_TO_NY,5490,102.9
2024-10-10,ROTTERDAM_TO_NY,4712,105.3
2024-10-11,ROTTERDAM_TO_NY,5343,90.32
2024-10-12,ROTTERDAM_TO_NY,5340,105.14
2024-10-13,ROTTERDAM_TO_NY,4595,105.26
2024-10-14,ROTTERDAM_TO_NY,4812,107.15
2024-10-15,ROTTERDAM_TO_NY,4535,106.89
2024-10-16,ROTTERDAM_TO_NY,4681,97.11
2024-10-17,ROTTERDAM_TO_NY,4675,104.35
2024-10-18,ROTTERDAM_TO_NY,4852,92.86
2024-10-19,ROTTERDAM_TO_NY,4640,90.64
2024-10-20,ROTTERDAM_TO_NY,4679,92.75
2024-10-21,ROTTERDAM_TO_NY,4898,91.65
2024-10-22,ROTTERDAM_TO_NY,4310,101.08
2024-10-23,ROTTERDAM_TO_NY,4816,99.37
2024-10-24,ROTTERDAM_TO_NY,5184,107.07
2024-10-25,ROTTERDAM_TO_NY,5080,109.31
2024-10-26,ROTTERDAM_TO_NY,4455,93.85
2024-10-27,ROTTERDAM_TO_NY,4738,105.47
2024-10-28,ROTTERDAM_TO_NY,4516,90.59
2024-10-29,ROTTERDAM_TO_NY,5001,108.7
2024-10-30,ROTTERDAM_TO_NY,4692,104.21
2024-10-31,ROTTERDAM_TO_NY,4223,93.81
2024-11-01,ROTTERDAM_TO_NY,4360,90.32
2024-11-02,ROTTERDAM_TO_NY,4143,99.97
2024-11-03,ROTTERDAM_TO_NY,4485,109.08
2024-11-04,ROTTERDAM_TO_NY,4829,96.35
2024-11-05,ROTTERDAM_TO_NY,4110,96.3
2024-11-06,ROTTERDAM_TO_NY,4300,95.37
2024-11-07,ROTTERDAM_TO_NY,4474,103.13
2024-11-08,ROTTERDAM_TO_NY,4819,90.42
2024-11-09,ROTTERDAM_TO_NY,4327,93.57
2024-11-10,ROTTERDAM_TO_NY,4270,99.79
2024-11-11,ROTTERDAM_TO_NY,4848,101.9
2024-11-12,ROTTERDAM_TO_NY,4422,106.67
2024-11-13,ROTTERDAM_TO_NY,4568,108.86
2024-11-14,ROTTERDAM_TO_NY,4005,91.24
2024-11-15,ROTTERDAM_TO_NY,4266,102.38
2024-11-16,ROTTERDAM_TO_NY,4020,95.85
2024-11-17,ROTTERDAM_TO_NY,4087,107.33
2024-11-18,ROTTERDAM_TO_NY,4094,92.86
2024-11-19,ROTTERDAM_TO_NY,4664,92.99
2024-11-20,ROTTERDAM_TO_NY,4139,97.01
2024-11-21,ROTTERDAM_TO_NY,4648,103.03
2024-11-22,ROTTERDAM_TO_NY,4300,100.79
2024-11-23,ROTTERDAM_TO_NY,4449,100.38
2024-11-24,ROTTERDAM_TO_NY,3973,104.49
2024-11-25,ROTTERDAM_TO_NY,4393,104.05
2024-11-26,ROTTERDAM_TO_NY,4216,103.19
2024-11-27,ROTTERDAM_TO_NY,4244,104.32
2024-11-28,ROTTERDAM_TO_NY,4175,105.13
2024-11-29,ROTTERDAM_TO_NY,4665,108.17
2024-11-30,ROTTERDAM_TO_NY,4504,101.98
2024-12-01,ROTTERDAM_TO_NY,4326,109.99
2024-12-02,ROTTERDAM_TO_NY,4180,105.33
2024-12-03,ROTTERDAM_TO_NY,4496,95.78
2024-12-04,ROTTERDAM_TO_NY,3997,94.27
2024-12-05,ROTTERDAM_TO_NY,4453,103.03
2024-12-06,ROTTERDAM_TO_NY,4456,94.18
2024-12-07,ROTTERDAM_TO_NY,3823,93.76
2024-12-08,ROTTERDAM_TO_NY,4097,94.6
2024-12-09,ROTTERDAM_TO_NY,3635,93.83
2024-12-10,ROTTERDAM_TO_NY,4306,102.6
2024-12-11,ROTTERDAM_TO_NY,3997,104.84
2024-12-12,ROTTERDAM_TO_NY,4501,90.22
2024-12-13,ROTTERDAM_TO_NY,4267,107.32
2024-12-14,ROTTERDAM_TO_NY,4172,103.48
2024-12-15,ROTTERDAM_TO_NY,4242,96.58
2024-12-16,ROTTERDAM_TO_NY,3597,103.24
2024-12-17,ROTTERDAM_TO_NY,3765,108.08
2024-12-18,ROTTERDAM_TO_NY,3906,100.8
2024-12-19,ROTTERDAM_TO_NY,4356,91.88
2024-12-20,ROTTERDAM_TO_NY,3964,92.81
2024-12-21,ROTTERDAM_TO_NY,4496,101.13
2024-12-22,ROTTERDAM_TO_NY,4195,102.32
2024-12-23,ROTTERDAM_TO_NY,4510,106.43
2024-12-24,ROTTERDAM_TO_NY,3740,94.12
2024-12-25,ROTTERDAM_TO_NY,4439,105.77
2024-12-26,ROTTERDAM_TO_NY,4157,106.42
2024-12-27,ROTTERDAM_TO_NY,4248,90.18
2024-12-28,ROTTERDAM_TO_NY,4512,100.4
2024-12-29,ROTTERDAM_TO_NY,3796,107.86
2024-12-30,ROTTERDAM_TO_NY,3836,99.47
2024-12-31,ROTTERDAM_TO_NY,4007,106.2
2025-01-01,ROTTERDAM_TO_NY,4271,99.02
2025-01-02,ROTTERDAM_TO_NY,4208,100.61
2025-01-03,ROTTERDAM_TO_NY,3962,103.29
2025-01-04,ROTTERDAM_TO_NY,4373,95.82
2025-01-05,ROTTERDAM_TO_NY,4531,99.5
2025-01-06,ROTTERDAM_TO_NY,3844,94.87
2025-01-07,ROTTERDAM_TO_NY,4365,98.58
2025-01-08,ROTTERDAM_TO_NY,3816,103.42
2025-01-09,ROTTERDAM_TO_NY,3856,104.22
2025-01-10,ROTTERDAM_TO_NY,4332,96.6
2025-01-11,ROTTERDAM_TO_NY,3702,108.62
2025-01-12,ROTTERDAM_TO_NY,4274,97.71
2025-01-13,ROTTERDAM_TO_NY,3689,107.54
2025-01-14,ROTTERDAM_TO_NY,3983,90.92
2025-01-15,ROTTERDAM_TO_NY,4148,109.55
2025-01-16,ROTTERDAM_TO_NY,3913,96.61
2025-01-17,ROTTERDAM_TO_NY,4536,93.85
2025-01-18,ROTTERDAM_TO_NY,4351,102.68
2025-01-19,ROTTERDAM_TO_NY,4561,97.72
2025-01-20,ROTTERDAM_TO_NY,4657,101.9
2025-01-21,ROTTERDAM_TO_NY,4589,101.82
2025-01-22,ROTTERDAM_TO_NY,4377,108.88
2025-01-23,ROTTERDAM_TO_NY,4136,101.31
2025-01-24,ROTTERDAM_TO_NY,4209,92.36
2025-01-25,ROTTERDAM_TO_NY,4610,106.57
2025-01-26,ROTTERDAM_TO_NY,3781,99.99
2025-01-27,ROTTERDAM_TO_NY,4443,108.89
2025-01-28,ROTTERDAM_TO_NY,4562,98.75
2025-01-29,ROTTERDAM_TO_NY,4313,105.2
2025-01-30,ROTTERDAM_TO_NY,4414,105.41
2025-01-31,ROTTERDAM_TO_NY,4156,94.04
2025-02-01,ROTTERDAM_TO_NY,3794,95.75
2025-02-02,ROTTERDAM_TO_NY,4586,108.31
2025-02-03,ROTTERDAM_TO_NY,4342,108.81
2025-02-04,ROTTERDAM_TO_NY,4329,102.91
2025-02-05,ROTTERDAM_TO_NY,4143,92.73
2025-02-06,ROTTERDAM_TO_NY,3869,92.14
2025-02-07,ROTTERDAM_TO_NY,4016,95.7
2025-02-08,ROTTERDAM_TO_NY,4528,92.45
2025-02-09,ROTTERDAM_TO_NY,3872,99.9
2025-02-10,ROTTERDAM_TO_NY,4600,92.74
2025-02-11,ROTTERDAM_TO_NY,4735,101.84
2025-02-12,ROTTERDAM_TO_NY,4324,106.97
2025-02-13,ROTTERDAM_TO_NY,4232,90.93
2025-02-14,ROTTERDAM_TO_NY,3878,106.54
2025-02-15,ROTTERDAM_TO_NY,4647,96.16
2025-02-16,ROTTERDAM_TO_NY,4746,98.56
2025-02-17,ROTTERDAM_TO_NY,4679,103.87
2025-02-18,ROTTERDAM_TO_NY,4366,107.88
2025-02-19,ROTTERDAM_TO_NY,4569,102.33
2025-02-20,ROTTERDAM_TO_NY,4697,100.46
2025-02-21,ROTTERDAM_TO_NY,4214,92.12
2025-02-22,ROTTERDAM_TO_NY,4300,108.75
2025-02-23,ROTTERDAM_TO_NY,4896,94.87
2025-02-24,ROTTERDAM_TO_NY,4449,100.59
2025-02-25,ROTTERDAM_TO_NY,4161,107.87
2025-02-26,ROTTERDAM_TO_NY,4410,104.32
2025-02-27,ROTTERDAM_TO_NY,4211,101.82
2025-02-28,ROTTERDAM_TO_NY,4575,90.28
2025-03-01,ROTTERDAM_TO_NY,4481,101.72
2025-03-02,ROTTERDAM_TO_NY,4259,96.37
2025-03-03,ROTTERDAM_TO_NY,4743,98.83
2025-03-04,ROTTERDAM_TO_NY,4310,102.08
2025-03-05,ROTTERDAM_TO_NY,4927,106.62
2025-03-06,ROTTERDAM_TO_NY,5154,109.21
2025-03-07,ROTTERDAM_TO_NY,5064,102.56
2025-03-08,ROTTERDAM_TO_NY,5197,102.5
2025-03-09,ROTTERDAM_TO_NY,5192,106.59
2025-03-10,ROTTERDAM_TO_NY,5155,100.94
2025-03-11,ROTTERDAM_TO_NY,4857,98.92
2025-03-12,ROTTERDAM_TO_NY,4603,99.41
2025-03-13,ROTTERDAM_TO_NY,4718,99.38
2025-03-14,ROTTERDAM_TO_NY,4365,100.67
2025-03-15,ROTTERDAM_TO_NY,4501,94.29
2025-03-16,ROTTERDAM_TO_NY,4699,101.26
2025-03-17,ROTTERDAM_TO_NY,4520,94.22
2025-03-18,ROTTERDAM_TO_NY,4671,94.82
2025-03-19,ROTTERDAM_TO_NY,5231,96.83
2025-03-20,ROTTERDAM_TO_NY,4450,93.36
2025-03-21,ROTTERDAM_TO_NY,5114,109.5
2025-03-22,ROTTERDAM_TO_NY,4458,109.64
2025-03-23,ROTTERDAM_TO_NY,5069,99.94
2025-03-24,ROTTERDAM_TO_NY,5142,96.86
2025-03-25,ROTTERDAM_TO_NY,4894,98.93
2025-03-26,ROTTERDAM_TO_NY,4956,106.06
2025-03-27,ROTTERDAM_TO_NY,4994,99.93
2025-03-28,ROTTERDAM_TO_NY,5460,98.62
2025-03-29,ROTTERDAM_TO_NY,5064,102.22
2025-03-30,ROTTERDAM_TO_NY,4963,92.62
2025-03-31,ROTTERDAM_TO_NY,5569,102.91
2025-04-01,ROTTERDAM_TO_NY,5188,100.51
2025-04-02,ROTTERDAM_TO_NY,5201,94.25
2025-04-03,ROTTERDAM_TO_NY,5058,108.91
2025-04-04,ROTTERDAM_TO_NY,4686,106.71
2025-04-05,ROTTERDAM_TO_NY,5577,100.32
2025-04-06,ROTTERDAM_TO_NY,5330,91.97
2025-04-07,ROTTERDAM_TO_NY,5267,90.41
2025-04-08,ROTTERDAM_TO_NY,4808,94.26
2025-04-09,ROTTERDAM_TO_NY,5330,97.3
2025-04-10,ROTTERDAM_TO_NY,5567,98.06
2025-04-11,ROTTERDAM_TO_NY,5253,91.01
2025-04-12,ROTTERDAM_TO_NY,5809,102.17
2025-04-13,ROTTERDAM_TO_NY,5575,106.74
2025-04-14,ROTTERDAM_TO_NY,5689,109.37
2025-04-15,ROTTERDAM_TO_NY,4823,103.93
2025-04-16,ROTTERDAM_TO_NY,5781,96.16
2025-04-17,ROTTERDAM_TO_NY,5213,90.88
2025-04-18,ROTTERDAM_TO_NY,5715,103.31
2025-04-19,ROTTERDAM_TO_NY,4914,99.42
2025-04-20,ROTTERDAM_TO_NY,5161,91.16
2025-04-21,ROTTERDAM_TO_NY,5206,96.29
2025-04-22,ROTTERDAM_TO_NY,5195,109.02
2025-04-23,ROTTERDAM_TO_NY,5783,105.67
2025-04-24,ROTTERDAM_TO_NY,5667,92.91
2025-04-25,ROTTERDAM_TO_NY,5727,103.35
2025-04-26,ROTTERDAM_TO_NY,5210,94.61
2025-04-27,ROTTERDAM_TO_NY,5183,92.99
2025-04-28,ROTTERDAM_TO_NY,5709,101.44
2025-04-29,ROTTERDAM_TO_NY,5150,106.7
2025-04-30,ROTTERDAM_TO_NY,5605,99.6
2025-05-01,ROTTERDAM_TO_NY,5631,97.91
2025-05-02,ROTTERDAM_TO_NY,5619,102.56
2025-05-03,ROTTERDAM_TO_NY,5827,105.71
2025-05-04,ROTTERDAM_TO_NY,6034,94.7
2025-05-05,ROTTERDAM_TO_NY,5444,101.76
2025-05-06,ROTTERDAM_TO_NY,5448,96.57
2025-05-07,ROTTERDAM_TO_NY,5505,98.39
2025-05-08,ROTTERDAM_TO_NY,5775,93.61
2025-05-09,ROTTERDAM_TO_NY,5243,90.67
2025-05-10,ROTTERDAM_TO_NY,6203,91.62
2025-05-11,ROTTERDAM_TO_NY,5555,98.24
2025-05-12,ROTTERDAM_TO_NY,6110,106.9
2025-05-13,ROTTERDAM_TO_NY,5584,96.98
2025-05-14,ROTTERDAM_TO_NY,6340,100.73
2025-05-15,ROTTERDAM_TO_NY,5391,100.48
2025-05-16,ROTTERDAM_TO_NY,5722,107.74
2025-05-17,ROTTERDAM_TO_NY,5800,106.17
2025-05-18,ROTTERDAM_TO_NY,5904,101.55
2025-05-19,ROTTERDAM_TO_NY,5869,99.24
2025-05-20,ROTTERDAM_TO_NY,5444,92.08
2025-05-21,ROTTERDAM_TO_NY,5994,105.83
2025-05-22,ROTTERDAM_TO_NY,6015,91.18
2025-05-23,ROTTERDAM_TO_NY,5530,99.75
2025-05-24,ROTTERDAM_TO_NY,6474,107.62
2025-05-25,ROTTERDAM_TO_NY,5998,102.85
2025-05-26,ROTTERDAM_TO_NY,6186,104.01
2025-05-27,ROTTERDAM_TO_NY,5500,93.64
2025-05-28,ROTTERDAM_TO_NY,5773,96.76
2025-05-29,ROTTERDAM_TO_NY,6146,102.62
2025-05-30,ROTTERDAM_TO_NY,5604,99.79
2025-05-31,ROTTERDAM_TO_NY,5867,95.04
2025-06-01,ROTTERDAM_TO_NY,5963,102.61
2025-06-02,ROTTERDAM_TO_NY,5583,92.33
2025-06-03,ROTTERDAM_TO_NY,6113,103.98
2025-06-04,ROTTERDAM_TO_NY,5718,96.18
2025-06-05,ROTTERDAM_TO_NY,5763,102.88
2025-06-06,ROTTERDAM_TO_NY,5933,108.86
2025-06-07,ROTTERDAM_TO_NY,6171,102.08
2025-06-08,ROTTERDAM_TO_NY,5997,102.34
2025-06-09,ROTTERDAM_TO_NY,6144,102.35
2025-06-10,ROTTERDAM_TO_NY,5650,95.22
2025-06-11,ROTTERDAM_TO_NY,5698,99.21
2025-06-12,ROTTERDAM_TO_NY,6531,108.27
2025-06-13,ROTTERDAM_TO_NY,5868,107.54
2025-06-14,ROTTERDAM_TO_NY,6699,107.21
2025-06-15,ROTTERDAM_TO_NY,5786,98.56
2025-06-16,ROTTERDAM_TO_NY,6048,95.98
2025-06-17,ROTTERDAM_TO_NY,6641,106.42
2025-06-18,ROTTERDAM_TO_NY,6353,102.39
2025-06-19,ROTTERDAM_TO_NY,5708,97.2
2025-06-20,ROTTERDAM_TO_NY,6381,100.17
2025-06-21,ROTTERDAM_TO_NY,6561,96.17
2025-06-22,ROTTERDAM_TO_NY,6292,102.77
2025-06-23,ROTTERDAM_TO_NY,6241,104.59
2025-06-24,ROTTERDAM_TO_NY,6286,96.05
2025-06-25,ROTTERDAM_TO_NY,6752,100.67
2025-06-26,ROTTERDAM_TO_NY,6285,94.9
2025-06-27,ROTTERDAM_TO_NY,5883,99.35
2025-06-28,ROTTERDAM_TO_NY,6084,109.05
2025-06-29,ROTTERDAM_TO_NY,6043,95.6
2025-06-30,ROTTERDAM_TO_NY,6244,107.71
2025-07-01,ROTTERDAM_TO_NY,6735,98.14
2025-07-02,ROTTERDAM_TO_NY,6050,105.06
2025-07-03,ROTTERDAM_TO_NY,6005,91.49
2025-07-04,ROTTERDAM_TO_NY,6171,97.07
2025-07-05,ROTTERDAM_TO_NY,5913,93.15
2025-07-06,ROTTERDAM_TO_NY,6500,100.06
2025-07-07,ROTTERDAM_TO_NY,6572,94.0
2025-07-08,ROTTERDAM_TO_NY,6450,104.68
2025-07-09,ROTTERDAM_TO_NY,6779,99.91
2025-07-10,ROTTERDAM_TO_NY,5975,104.9
2025-07-11,ROTTERDAM_TO_NY,6677,104.99
2025-07-12,ROTTERDAM_TO_NY,6569,97.64
2025-07-13,ROTTERDAM_TO_NY,6170,107.95
2025-07-14,ROTTERDAM_TO_NY,5874,99.03
2025-07-15,ROTTERDAM_TO_NY,6451,102.87
2025-07-16,ROTTERDAM_TO_NY,5830,97.5
2025-07-17,ROTTERDAM_TO_NY,6031,104.36
2025-07-18,ROTTERDAM_TO_NY,6394,90.51
2025-07-19,ROTTERDAM_TO_NY,6515,102.11
2025-07-20,ROTTERDAM_TO_NY,6289,97.41
2025-07-21,ROTTERDAM_TO_NY,6743,94.95
2025-07-22,ROTTERDAM_TO_NY,6100,108.71
2025-07-23,ROTTERDAM_TO_NY,6382,102.07
2025-07-24,ROTTERDAM_TO_NY,6231,100.01
2025-07-25,ROTTERDAM_TO_NY,6486,101.1
2025-07-26,ROTTERDAM_TO_NY,6775,99.78
2025-07-27,ROTTERDAM_TO_NY,6114,106.92
2025-07-28,ROTTERDAM_TO_NY,6666,97.85
2025-07-29,ROTTERDAM_TO_NY,6715,101.65
2025-07-30,ROTTERDAM_TO_NY,6404,107.42
2025-07-31,ROTTERDAM_TO_NY,6010,95.6
2025-08-01,ROTTERDAM_TO_NY,6010,96.62
2025-08-02,ROTTERDAM_TO_NY,6039,98.04
2025-08-03,ROTTERDAM_TO_NY,6437,90.47
2025-08-04,ROTTERDAM_TO_NY,6409,105.21
2025-08-05,ROTTERDAM_TO_NY,6336,93.99
2025-08-06,ROTTERDAM_TO_NY,6338,95.07
2025-08-07,ROTTERDAM_TO_NY,5707,91.78
2025-08-08,ROTTERDAM_TO_NY,5882,99.63
2025-08-09,ROTTERDAM_TO_NY,6440,98.62
2025-08-10,ROTTERDAM_TO_NY,6433,92.19
2025-08-11,ROTTERDAM_TO_NY,6175,94.23
2025-08-12,ROTTERDAM_TO_NY,6264,101.44
2025-08-13,ROTTERDAM_TO_NY,6167,104.26
2025-08-14,ROTTERDAM_TO_NY,6230,102.5
2025-08-15,ROTTERDAM_TO_NY,6202,100.29
2025-08-16,ROTTERDAM_TO_NY,6460,109.08
2025-08-17,ROTTERDAM_TO_NY,6087,94.65
2025-08-18,ROTTERDAM_TO_NY,5705,109.94
2025-08-19,ROTTERDAM_TO_NY,6166,96.7
2025-08-20,ROTTERDAM_TO_NY,6023,104.79
2025-08-21,ROTTERDAM_TO_NY,6476,94.19
2025-08-22,ROTTERDAM_TO_NY,6118,92.31
2025-08-23,ROTTERDAM_TO_NY,6357,106.59
2025-08-24,ROTTERDAM_TO_NY,5798,101.98
2025-08-25,ROTTERDAM_TO_NY,5466,99.14
2025-08-26,ROTTERDAM_TO_NY,6452,94.43
2025-08-27,ROTTERDAM_TO_NY,6188,104.54
2025-08-28,ROTTERDAM_TO_NY,6302,108.36
2025-08-29,ROTTERDAM_TO_NY,6016,91.39
2025-08-30,ROTTERDAM_TO_NY,6122,105.7
2025-08-31,ROTTERDAM_TO_NY,6037,106.76
2025-09-01,ROTTERDAM_TO_NY,5485,94.39
2025-09-02,ROTTERDAM_TO_NY,5955,108.71
2025-09-03,ROTTERDAM_TO_NY,5760,98.81
2025-09-04,ROTTERDAM_TO_NY,5440,108.74
2025-09-05,ROTTERDAM_TO_NY,5661,109.08
2025-09-06,ROTTERDAM_TO_NY,6009,108.2
2025-09-07,ROTTERDAM_TO_NY,5995,93.21
2025-09-08,ROTTERDAM_TO_NY,5496,96.94
2025-09-09,ROTTERDAM_TO_NY,6052,109.08
2025-09-10,ROTTERDAM_TO_NY,5929,91.83
2025-09-11,ROTTERDAM_TO_NY,5723,108.4
2025-09-12,ROTTERDAM_TO_NY,5884,101.3
2025-09-13,ROTTERDAM_TO_NY,5338,98.37
2025-09-14,ROTTERDAM_TO_NY,5919,100.95
2025-09-15,ROTTERDAM_TO_NY,5932,102.16
2025-09-16,ROTTERDAM_TO_NY,5647,107.15
2025-09-17,ROTTERDAM_TO_NY,5306,90.78
2025-09-18,ROTTERDAM_TO_NY,5439,92.47
2025-09-19,ROTTERDAM_TO_NY,5797,100.35
2025-09-20,ROTTERDAM_TO_NY,6024,98.71
2025-09-21,ROTTERDAM_TO_NY,6081,102.43
2025-09-22,ROTTERDAM_TO_NY,5742,108.19
2025-09-23,ROTTERDAM_TO_NY,5829,105.04
2025-09-24,ROTTERDAM_TO_NY,5140,107.08
2025-09-25,ROTTERDAM_TO_NY,5110,108.98
2025-09-26,ROTTERDAM_TO_NY,5491,99.29
2025-09-27,ROTTERDAM_TO_NY,5633,103.24
2025-09-28,ROTTERDAM_TO_NY,5523,93.98
2025-09-29,ROTTERDAM_TO_NY,5202,93.53
2025-09-30,ROTTERDAM_TO_NY,5473,105.62
2025-10-01,ROTTERDAM_TO_NY,5469,108.91
2025-10-02,ROTTERDAM_TO_NY,5204,109.62
2025-10-03,ROTTERDAM_TO_NY,5217,95.69
2025-10-04,ROTTERDAM_TO_NY,5018,99.27
2025-10-05,ROTTERDAM_TO_NY,5737,96.29
2025-10-06,ROTTERDAM_TO_NY,5500,107.83
2025-10-07,ROTTERDAM_TO_NY,5573,95.91
2025-10-08,ROTTERDAM_TO_NY,5446,90.45
2025-10-09,ROTTERDAM_TO_NY,4740,98.64
2025-10-10,ROTTERDAM_TO_NY,5310,98.18
2025-10-11,ROTTERDAM_TO_NY,5412,96.76
2025-10-12,ROTTERDAM_TO_NY,5622,104.0
2025-10-13,ROTTERDAM_TO_NY,4880,97.7
2025-10-14,ROTTERDAM_TO_NY,5305,108.29
2025-10-15,ROTTERDAM_TO_NY,5335,108.09
2025-10-16,ROTTERDAM_TO_NY,4893,106.38
2025-10-17,ROTTERDAM_TO_NY,5570,109.67
2025-10-18,ROTTERDAM_TO_NY,5283,101.92
2025-10-19,ROTTERDAM_TO_NY,4845,107.19
2025-10-20,ROTTERDAM_TO_NY,4982,103.74
2025-10-21,ROTTERDAM_TO_NY,5337,101.27
2025-10-22,ROTTERDAM_TO_NY,5072,98.22
2025-10-23,ROTTERDAM_TO_NY,5381,90.64
2025-10-24,ROTTERDAM_TO_NY,4821,109.78
2025-10-25,ROTTERDAM_TO_NY,4905,103.56
2025-10-26,ROTTERDAM_TO_NY,5235,93.85
2025-10-27,ROTTERDAM_TO_NY,5114,100.07
2025-10-28,ROTTERDAM_TO_NY,4786,104.51
2025-10-29,ROTTERDAM_TO_NY,4579,109.11
2025-10-30,ROTTERDAM_TO_NY,4436,98.15
2025-10-31,ROTTERDAM_TO_NY,4414,91.93
2025-11-01,ROTTERDAM_TO_NY,5058,108.85
2025-11-02,ROTTERDAM_TO_NY,4410,108.4
2025-11-03,ROTTERDAM_TO_NY,4498,101.42
2025-11-04,ROTTERDAM_TO_NY,4409,104.32
2025-11-05,ROTTERDAM_TO_NY,5180,106.79
2025-11-06,ROTTERDAM_TO_NY,4506,103.79
2025-11-07,ROTTERDAM_TO_NY,4664,102.79
2025-11-08,ROTTERDAM_TO_NY,4440,95.87
2025-11-09,ROTTERDAM_TO_NY,4662,104.45
2025-11-10,ROTTERDAM_TO_NY,4530,106.94
2025-11-11,ROTTERDAM_TO_NY,4967,109.63
2025-11-12,ROTTERDAM_TO_NY,4899,108.1
2025-11-13,ROTTERDAM_TO_NY,4262,102.09
2025-11-14,ROTTERDAM_TO_NY,4348,105.48
2025-11-15,ROTTERDAM_TO_NY,4227,92.18
2025-11-16,ROTTERDAM_TO_NY,4699,99.58
2025-11-17,ROTTERDAM_TO_NY,4624,93.7
2025-11-18,ROTTERDAM_TO_NY,4884,92.63
2025-11-19,ROTTERDAM_TO_NY,4424,100.64
2025-11-20,ROTTERDAM_TO_NY,4422,104.77
2025-11-21,ROTTERDAM_TO_NY,4091,93.19
2025-11-22,ROTTERDAM_TO_NY,4918,100.8
2025-11-23,ROTTERDAM_TO_NY,4361,101.26
2025-11-24,ROTTERDAM_TO_NY,4703,97.68
2025-11-25,ROTTERDAM_TO_NY,4102,90.25
2025-11-26,ROTTERDAM_TO_NY,5001,93.68
2025-11-27,ROTTERDAM_TO_NY,4757,94.81
2025-11-28,ROTTERDAM_TO_NY,4893,104.68
2025-11-29,ROTTERDAM_TO_NY,4545,109.43
2025-11-30,ROTTERDAM_TO_NY,3972,108.69
2025-12-01,ROTTERDAM_TO_NY,4416,97.46
2025-12-02,ROTTERDAM_TO_NY,4899,104.96
2025-12-03,ROTTERDAM_TO_NY,4485,91.52
2025-12-04,ROTTERDAM_TO_NY,4236,102.26
2025-12-05,ROTTERDAM_TO_NY,4319,104.49
2025-12-06,ROTTERDAM_TO_NY,4348,102.32
2025-12-07,ROTTERDAM_TO_NY,4152,90.63
2025-12-08,ROTTERDAM_TO_NY,4354,91.52
2025-12-09,ROTTERDAM_TO_NY,4751,109.64
2025-12-10,ROTTERDAM_TO_NY,4304,101.39
2025-12-11,ROTTERDAM_TO_NY,4687,108.92
2025-12-12,ROTTERDAM_TO_NY,3890,90.89
2025-12-13,ROTTERDAM_TO_NY,4273,107.73
2025-12-14,ROTTERDAM_TO_NY,4093,98.31
2025-12-15,ROTTERDAM_TO_NY,3916,108.34
2025-12-16,ROTTERDAM_TO_NY,4624,105.47
2025-12-17,ROTTERDAM_TO_NY,4189,97.15
2025-12-18,ROTTERDAM_TO_NY,4359,99.35
2025-12-19,ROTTERDAM_TO_NY,3960,102.94
2025-12-20,ROTTERDAM_TO_NY,4720,92.51
2025-12-21,ROTTERDAM_TO_NY,4369,96.53
2025-12-22,ROTTERDAM_TO_NY,3969,99.37
2025-12-23,ROTTERDAM_TO_NY,4746,100.34
2025-12-24,ROTTERDAM_TO_NY,3921,107.4
2025-12-25,ROTTERDAM_TO_NY,4608,94.48
2025-12-26,ROTTERDAM_TO_NY,4579,95.22
2025-12-27,ROTTERDAM_TO_NY,3946,105.79
2025-12-28,ROTTERDAM_TO_NY,4572,92.34
2025-12-29,ROTTERDAM_TO_NY,4287,97.23
2025-12-30,ROTTERDAM_TO_NY,3886,109.89
2025-12-31,ROTTERDAM_TO_NY,3865,98.77
2026-01-01,ROTTERDAM_TO_NY,3933,100.55
2026-01-02,ROTTERDAM_TO_NY,3798,106.8
2026-01-03,ROTTERDAM_TO_NY,3846,93.36
2026-01-04,ROTTERDAM_TO_NY,4707,91.1
2026-01-05,ROTTERDAM_TO_NY,3934,103.43
2026-01-06,ROTTERDAM_TO_NY,4364,98.8
2026-01-07,ROTTERDAM_TO_NY,4684,92.69
2026-01-08,ROTTERDAM_TO_NY,4580,99.1
2026-01-09,ROTTERDAM_TO_NY,4297,101.05
2026-01-10,ROTTERDAM_TO_NY,4122,95.86
2026-01-11,ROTTERDAM_TO_NY,4690,92.94
2026-01-12,ROTTERDAM_TO_NY,4065,104.52
2026-01-13,ROTTERDAM_TO_NY,4139,97.69
2026-01-14,ROTTERDAM_TO_NY,4102,98.47
2026-01-15,ROTTERDAM_TO_NY,4049,99.56
2026-01-16,ROTTERDAM_TO_NY,3918,99.62
2026-01-17,ROTTERDAM_TO_NY,3843,94.86
2026-01-18,ROTTERDAM_TO_NY,3947,104.92
2026-01-19,ROTTERDAM_TO_NY,3840,109.06
2026-01-20,ROTTERDAM_TO_NY,4141,103.45
2026-01-21,ROTTERDAM_TO_NY,4265,104.62
2026-01-22,ROTTERDAM_TO_NY,4439,95.69
2026-01-23,ROTTERDAM_TO_NY,4496,94.77
2026-01-24,ROTTERDAM_TO_NY,4202,94.94
2026-01-25,ROTTERDAM_TO_NY,4136,108.28
2026-01-26,ROTTERDAM_TO_NY,3799,102.93
2026-01-27,ROTTERDAM_TO_NY,4614,104.38
2026-01-28,ROTTERDAM_TO_NY,4311,99.61
2026-01-29,ROTTERDAM_TO_NY,4405,95.97
2026-01-30,ROTTERDAM_TO_NY,4198,91.9
2026-01-31,ROTTERDAM_TO_NY,4162,97.76
2026-02-01,ROTTERDAM_TO_NY,4454,99.25
